gene,condition,padj,status,padj_other,celltype
Actn2,F1_Aged,0.03918763807054,shared,0.0267121833082591,MacFib
Agps,F1_Aged,2.25922886479234e-9,shared,0.00388878462500692,MacFib
Appbp2,F1_Aged,0.014016592327995,shared,0.0454667300208695,MacFib
Bltp3b,F1_Aged,0.0966757153933526,shared,5.3523495710176e-7,MacFib
Brd10,F1_Aged,0.0235391498606884,shared,0.01373181289362,MacFib
Cebpb,F1_Aged,0.0155461489148489,shared,1.0564695189378e-4,MacFib
Cox7c,F1_Aged,0.0368974555299808,shared,0.0478613015452154,MacFib
Dctn4,F1_Aged,0.0665112416285968,shared,3.43812031597536e-5,MacFib
Ddr2,F1_Aged,0.002469238363305,shared,6.71683944862797e-8,MacFib
Eif3a,F1_Aged,0.00592720183385378,shared,1.5697033836688e-4,MacFib
Eif4g1,F1_Aged,0.0324605719610527,shared,0.0415104289146405,MacFib
Evi5,F1_Aged,0.0113942000103146,shared,1.4418297282179e-4,MacFib
Fam120a,F1_Aged,0.0385405832690792,shared,7.5666697940622e-4,MacFib
Fam222b,F1_Aged,0.0893937842986719,shared,0.0200519984455457,MacFib
Fbxl3,F1_Aged,6.4193597557272e-4,shared,2.59680331706964e-6,MacFib
Fbxo3,F1_Aged,0.00153940288003371,shared,3.52693432445588e-6,MacFib
Fbxw4,F1_Aged,0.0770235571364721,shared,0.00368874325716622,MacFib
Foxo3,F1_Aged,9.4557754425378e-4,shared,0.015912039100715,MacFib
Gm12940,F1_Aged,0.00977221881529423,shared,1.3563590595125e-4,MacFib
Hps3,F1_Aged,0.0589004433972502,shared,0.00206152418762967,MacFib
Itgb5,F1_Aged,0.0412393566450113,shared,9.2981456376649e-4,MacFib
Kdm3b,F1_Aged,0.042149973657528,shared,2.70555377211539e-6,MacFib
Kpna3,F1_Aged,0.0997101858115771,shared,2.87539404901048e-5,MacFib
Kras,F1_Aged,4.34288236738979e-6,shared,7.5666697940622e-4,MacFib
Lrrc10,F1_Aged,0.0720827992376284,shared,0.0371573750413799,MacFib
Mcl1,F1_Aged,0.00323210138567559,shared,0.00196890063866399,MacFib
Nr1d2,F1_Aged,0.0186771899173295,shared,3.2222061392150804e-9,MacFib
Ostf1,F1_Aged,0.00642609625807685,shared,4.90100935674239e-5,MacFib
Phactr4,F1_Aged,0.0207000754206869,shared,1.71608756908209e-5,MacFib
Ppp4r1,F1_Aged,0.0597543503177013,shared,0.0111034692893219,MacFib
Prkag1,F1_Aged,0.00216872505399595,shared,9.92961506893736e-6,MacFib
Rabgap1,F1_Aged,0.0117497291990528,shared,0.0692956931704381,MacFib
Rassf1,F1_Aged,0.0962124246922195,shared,2.60309974853208e-8,MacFib
Rprd1a,F1_Aged,0.063380337437023,shared,7.7340510663513e-4,MacFib
Scaper,F1_Aged,0.0292684986012856,shared,1.01559980193455e-5,MacFib
Sclt1,F1_Aged,0.00371130278881122,shared,4.8052266614335e-4,MacFib
Sema5a,F1_Aged,0.072511022226794,shared,0.0371573750413799,MacFib
Serpine1,F1_Aged,0.00188273689206591,shared,5.06215256539159e-7,MacFib
Sfmbt1,F1_Aged,0.0490892216696645,shared,2.7040282548015e-4,MacFib
Slc25a46,F1_Aged,3.2684301216443e-13,shared,4.1158128316127e-4,MacFib
Smc6,F1_Aged,2.27718472246584e-7,shared,0.0334967032674524,MacFib
Sucla2,F1_Aged,0.0321398229292814,shared,2.1249444538033e-4,MacFib
Tab2,F1_Aged,0.0623102337169681,shared,0.00143685592605964,MacFib
Tax1bp1,F1_Aged,0.00980057320011293,shared,0.0984404994157133,MacFib
Tcf20,F1_Aged,4.8954808253962e-4,shared,7.99814696251413e-7,MacFib
Tjp1,F1_Aged,0.00116129611959438,shared,1.8070066646413e-4,MacFib
Ttc7b,F1_Aged,0.00100486539439129,shared,0.0184112959480464,MacFib
Vps8,F1_Aged,0.00569990399086346,shared,0.0332418486291869,MacFib
Xrn1,F1_Aged,0.0373230537832487,shared,0.0102953538211842,MacFib
Ybx1,F1_Aged,0.0714138847904209,shared,5.74501398564593e-5,MacFib
Zbtb11,F1_Aged,9.6402455943339e-4,shared,2.7272830431434e-4,MacFib
Zyg11b,F1_Aged,0.0585208984926944,shared,5.99395792096104e-7,MacFib
Actn2,F1_Young,0.0267121833082591,shared,0.03918763807054,MacFib
Agps,F1_Young,0.00388878462500692,shared,2.25922886479234e-9,MacFib
Appbp2,F1_Young,0.0454667300208695,shared,0.014016592327995,MacFib
Bltp3b,F1_Young,5.3523495710176e-7,shared,0.0966757153933526,MacFib
Brd10,F1_Young,0.01373181289362,shared,0.0235391498606884,MacFib
Cebpb,F1_Young,1.0564695189378e-4,shared,0.0155461489148489,MacFib
Cox7c,F1_Young,0.0478613015452154,shared,0.0368974555299808,MacFib
Dctn4,F1_Young,3.43812031597536e-5,shared,0.0665112416285968,MacFib
Ddr2,F1_Young,6.71683944862797e-8,shared,0.002469238363305,MacFib
Eif3a,F1_Young,1.5697033836688e-4,shared,0.00592720183385378,MacFib
Eif4g1,F1_Young,0.0415104289146405,shared,0.0324605719610527,MacFib
Evi5,F1_Young,1.4418297282179e-4,shared,0.0113942000103146,MacFib
Fam120a,F1_Young,7.5666697940622e-4,shared,0.0385405832690792,MacFib
Fam222b,F1_Young,0.0200519984455457,shared,0.0893937842986719,MacFib
Fbxl3,F1_Young,2.59680331706964e-6,shared,6.4193597557272e-4,MacFib
Fbxo3,F1_Young,3.52693432445588e-6,shared,0.00153940288003371,MacFib
Fbxw4,F1_Young,0.00368874325716622,shared,0.0770235571364721,MacFib
Foxo3,F1_Young,0.015912039100715,shared,9.4557754425378e-4,MacFib
Gm12940,F1_Young,1.3563590595125e-4,shared,0.00977221881529423,MacFib
Hps3,F1_Young,0.00206152418762967,shared,0.0589004433972502,MacFib
Itgb5,F1_Young,9.2981456376649e-4,shared,0.0412393566450113,MacFib
Kdm3b,F1_Young,2.70555377211539e-6,shared,0.042149973657528,MacFib
Kpna3,F1_Young,2.87539404901048e-5,shared,0.0997101858115771,MacFib
Kras,F1_Young,7.5666697940622e-4,shared,4.34288236738979e-6,MacFib
Lrrc10,F1_Young,0.0371573750413799,shared,0.0720827992376284,MacFib
Mcl1,F1_Young,0.00196890063866399,shared,0.00323210138567559,MacFib
Nr1d2,F1_Young,3.2222061392150804e-9,shared,0.0186771899173295,MacFib
Ostf1,F1_Young,4.90100935674239e-5,shared,0.00642609625807685,MacFib
Phactr4,F1_Young,1.71608756908209e-5,shared,0.0207000754206869,MacFib
Ppp4r1,F1_Young,0.0111034692893219,shared,0.0597543503177013,MacFib
Prkag1,F1_Young,9.92961506893736e-6,shared,0.00216872505399595,MacFib
Rabgap1,F1_Young,0.0692956931704381,shared,0.0117497291990528,MacFib
Rassf1,F1_Young,2.60309974853208e-8,shared,0.0962124246922195,MacFib
Rprd1a,F1_Young,7.7340510663513e-4,shared,0.063380337437023,MacFib
Scaper,F1_Young,1.01559980193455e-5,shared,0.0292684986012856,MacFib
Sclt1,F1_Young,4.8052266614335e-4,shared,0.00371130278881122,MacFib
Sema5a,F1_Young,0.0371573750413799,shared,0.072511022226794,MacFib
Serpine1,F1_Young,5.06215256539159e-7,shared,0.00188273689206591,MacFib
Sfmbt1,F1_Young,2.7040282548015e-4,shared,0.0490892216696645,MacFib
Slc25a46,F1_Young,4.1158128316127e-4,shared,3.2684301216443e-13,MacFib
Smc6,F1_Young,0.0334967032674524,shared,2.27718472246584e-7,MacFib
Sucla2,F1_Young,2.1249444538033e-4,shared,0.0321398229292814,MacFib
Tab2,F1_Young,0.00143685592605964,shared,0.0623102337169681,MacFib
Tax1bp1,F1_Young,0.0984404994157133,shared,0.00980057320011293,MacFib
Tcf20,F1_Young,7.99814696251413e-7,shared,4.8954808253962e-4,MacFib
Tjp1,F1_Young,1.8070066646413e-4,shared,0.00116129611959438,MacFib
Ttc7b,F1_Young,0.0184112959480464,shared,0.00100486539439129,MacFib
Vps8,F1_Young,0.0332418486291869,shared,0.00569990399086346,MacFib
Xrn1,F1_Young,0.0102953538211842,shared,0.0373230537832487,MacFib
Ybx1,F1_Young,5.74501398564593e-5,shared,0.0714138847904209,MacFib
Zbtb11,F1_Young,2.7272830431434e-4,shared,9.6402455943339e-4,MacFib
Zyg11b,F1_Young,5.99395792096104e-7,shared,0.0585208984926944,MacFib
2610307P16Rik,F1_Aged,0.0278465737844422,aged_only,1,MacFib
4632427E13Rik,F1_Aged,0.0640798427789952,aged_only,0.159261331609766,MacFib
4732440D04Rik,F1_Aged,0.0427803540436575,aged_only,0.363551168584754,MacFib
9330159M07Rik,F1_Aged,0.0293297957192444,aged_only,1,MacFib
Abcc1,F1_Aged,0.00681809336129459,aged_only,0.108053708573336,MacFib
Abcd3,F1_Aged,0.0289824727472604,aged_only,1,MacFib
Abi3bp,F1_Aged,0.0120176391085262,aged_only,1,MacFib
Ablim3,F1_Aged,0.0272147175226729,aged_only,1,MacFib
Abtb2,F1_Aged,6.03229127719762e-6,aged_only,1,MacFib
Acat1,F1_Aged,0.00125941400563983,aged_only,1,MacFib
Acer2,F1_Aged,0.010948736219406,aged_only,1,MacFib
Ackr3,F1_Aged,0.0262712506667793,aged_only,1,MacFib
Actr2,F1_Aged,0.0395248915537721,aged_only,0.476976124802675,MacFib
Adam10,F1_Aged,0.00686137268698128,aged_only,1,MacFib
Adam19,F1_Aged,0.0144329995178592,aged_only,1,MacFib
Adarb1,F1_Aged,0.022612928650261,aged_only,1,MacFib
Adgrf5,F1_Aged,0.0395519635783561,aged_only,1,MacFib
Adgrl2,F1_Aged,0.0250758664774122,aged_only,1,MacFib
Adgrl4,F1_Aged,0.0436554392071837,aged_only,1,MacFib
Adra1a,F1_Aged,0.0501436307458407,aged_only,1,MacFib
Afg1l,F1_Aged,0.0526753914997536,aged_only,1,MacFib
Agl,F1_Aged,0.077497989029513,aged_only,1,MacFib
Agmo,F1_Aged,0.0341155156130058,aged_only,1,MacFib
Aig1,F1_Aged,0.0730998975744789,aged_only,1,MacFib
Akap6,F1_Aged,0.0126489731329775,aged_only,1,MacFib
Alpk1,F1_Aged,0.0270141542967093,aged_only,1,MacFib
Ank3,F1_Aged,0.0574258502891131,aged_only,1,MacFib
Ankib1,F1_Aged,0.00740089250825676,aged_only,1,MacFib
Ankrd1,F1_Aged,0.0799418275687736,aged_only,0.492583596693303,MacFib
Ankrd12,F1_Aged,0.0324605719610527,aged_only,1,MacFib
Ankrd33b,F1_Aged,7.82572513890312e-5,aged_only,1,MacFib
Anxa6,F1_Aged,6.46371885476386e-10,aged_only,1,MacFib
Apba1,F1_Aged,0.0526753914997536,aged_only,1,MacFib
Aqp1,F1_Aged,0.0347727629063278,aged_only,1,MacFib
Arfgef2,F1_Aged,6.7100539677144e-4,aged_only,1,MacFib
Arhgap17,F1_Aged,0.0161014778810255,aged_only,1,MacFib
Arhgap5,F1_Aged,4.6597347640187e-4,aged_only,0.689576273117247,MacFib
Arrdc3,F1_Aged,6.84073997125074e-9,aged_only,1,MacFib
Art3,F1_Aged,0.0394390828393507,aged_only,1,MacFib
Asb3,F1_Aged,0.0270877635653773,aged_only,1,MacFib
Asxl1,F1_Aged,0.0414468389842075,aged_only,1,MacFib
Asxl2,F1_Aged,0.0179948772979436,aged_only,1,MacFib
Atad2b,F1_Aged,0.0436554392071837,aged_only,1,MacFib
Atf6,F1_Aged,0.0869871917346757,aged_only,1,MacFib
Atg10,F1_Aged,0.0497343689514284,aged_only,1,MacFib
Atosa,F1_Aged,0.0138780422948984,aged_only,1,MacFib
Atp10d,F1_Aged,0.0221900394683032,aged_only,1,MacFib
Atp11b,F1_Aged,0.034722431098698,aged_only,1,MacFib
Atp2a2,F1_Aged,0.0340970338903914,aged_only,1,MacFib
Atp5f1c,F1_Aged,0.0467422952612559,aged_only,0.183076991509428,MacFib
Atp5pb,F1_Aged,0.00296931794287936,aged_only,1,MacFib
Banp,F1_Aged,0.0293270006130296,aged_only,1,MacFib
Bmpr1a,F1_Aged,0.019907077788806,aged_only,0.558547412290215,MacFib
Bmpr2,F1_Aged,0.0848476800134853,aged_only,1,MacFib
C1galt1,F1_Aged,0.0966638732888877,aged_only,0.770912679170026,MacFib
C1qtnf7,F1_Aged,0.0175069386266879,aged_only,1,MacFib
Cacna1c,F1_Aged,0.0713024259293706,aged_only,1,MacFib
Cald1,F1_Aged,0.0262712506667793,aged_only,0.183076991509428,MacFib
Camta1,F1_Aged,0.00357137305622191,aged_only,1,MacFib
Cap2,F1_Aged,0.0305169842632886,aged_only,1,MacFib
Car8,F1_Aged,0.0650119782992858,aged_only,1,MacFib
Cbfb,F1_Aged,3.3381075335793e-4,aged_only,1,MacFib
Ccnl2,F1_Aged,0.0338576389949181,aged_only,1,MacFib
Ccnt2,F1_Aged,0.0597543503177013,aged_only,1,MacFib
Cd2ap,F1_Aged,0.0169499324372184,aged_only,1,MacFib
Cdc42,F1_Aged,0.0253779917880527,aged_only,1,MacFib
Cdh2,F1_Aged,0.0231144302831849,aged_only,0.434394182626969,MacFib
Cdk12,F1_Aged,0.042798451887353,aged_only,1,MacFib
Cdk19,F1_Aged,0.027174639331991,aged_only,1,MacFib
Cdk8,F1_Aged,0.0381113851959923,aged_only,1,MacFib
Cdkal1,F1_Aged,0.0809562547595731,aged_only,1,MacFib
Cep350,F1_Aged,9.0475611767892e-4,aged_only,1,MacFib
Cep85,F1_Aged,0.0459928925083086,aged_only,1,MacFib
Cfl2,F1_Aged,0.00724061189283451,aged_only,1,MacFib
Chrm2,F1_Aged,0.0725349665827445,aged_only,1,MacFib
Ckmt2,F1_Aged,0.0169499324372184,aged_only,1,MacFib
Clcn3,F1_Aged,0.0186771899173295,aged_only,1,MacFib
Clic5,F1_Aged,0.0840155403559067,aged_only,1,MacFib
Clip1,F1_Aged,0.0231653943450435,aged_only,0.207284017988082,MacFib
Clk4,F1_Aged,0.022439971815905,aged_only,1,MacFib
Clpx,F1_Aged,0.0190081537559734,aged_only,1,MacFib
Cmss1,F1_Aged,0.0344022892729646,aged_only,1,MacFib
Cmya5,F1_Aged,0.0983413833037596,aged_only,1,MacFib
Cnnm2,F1_Aged,0.0392502280734039,aged_only,1,MacFib
Col6a3,F1_Aged,0.0596091294307672,aged_only,1,MacFib
Comt,F1_Aged,0.017226967373485,aged_only,1,MacFib
Copa,F1_Aged,0.0317565081088236,aged_only,1,MacFib
Corin,F1_Aged,0.0585208984926944,aged_only,1,MacFib
Cox10,F1_Aged,0.0127389880952542,aged_only,1,MacFib
Cpeb1,F1_Aged,0.0714138847904209,aged_only,1,MacFib
Cpeb3,F1_Aged,0.0500788841407917,aged_only,1,MacFib
Cpeb4,F1_Aged,0.0367747533630892,aged_only,1,MacFib
Cplane1,F1_Aged,0.0231144302831849,aged_only,1,MacFib
Crk,F1_Aged,6.694568192379689e-11,aged_only,1,MacFib
Crybg3,F1_Aged,0.0784141476660275,aged_only,1,MacFib
Cspp1,F1_Aged,0.0112030723146322,aged_only,1,MacFib
Cttnbp2nl,F1_Aged,0.00734661187235609,aged_only,1,MacFib
Cul3,F1_Aged,0.062678289859628,aged_only,1,MacFib
Cul5,F1_Aged,0.0422716885686261,aged_only,1,MacFib
Cwc27,F1_Aged,0.00648747773863638,aged_only,1,MacFib
Cyyr1,F1_Aged,0.0074586272515985,aged_only,1,MacFib
D830005E20Rik,F1_Aged,0.0431830671804225,aged_only,1,MacFib
Dag1,F1_Aged,0.0930794704370763,aged_only,1,MacFib
Ddi2,F1_Aged,0.00104830434430757,aged_only,0.142227315755727,MacFib
Dennd6a,F1_Aged,0.0994260989253336,aged_only,1,MacFib
Dnajc7,F1_Aged,0.00378387220842044,aged_only,1,MacFib
Dnm2,F1_Aged,0.00232519934666053,aged_only,1,MacFib
Dock7,F1_Aged,0.0840899718090951,aged_only,1,MacFib
Ece1,F1_Aged,0.0172458525436911,aged_only,0.385345209965634,MacFib
Egfl7,F1_Aged,0.0159778539152547,aged_only,1,MacFib
Elf1,F1_Aged,0.0601799395940918,aged_only,1,MacFib
Ell2,F1_Aged,4.4738538699253e-4,aged_only,1,MacFib
Elp4,F1_Aged,0.0221900394683032,aged_only,1,MacFib
Emcn,F1_Aged,0.00495809518116536,aged_only,1,MacFib
Eml4,F1_Aged,0.0368974555299808,aged_only,0.411106680023292,MacFib
Eprs1,F1_Aged,0.00644628895315525,aged_only,1,MacFib
Esrrg,F1_Aged,0.0849909947535091,aged_only,1,MacFib
Etfa,F1_Aged,0.0200423958938761,aged_only,1,MacFib
Ext1,F1_Aged,0.0436554392071837,aged_only,1,MacFib
Fam117b,F1_Aged,0.0616704332872157,aged_only,1,MacFib
Fbxl20,F1_Aged,0.0585637612243577,aged_only,1,MacFib
Fgd4,F1_Aged,0.0241279962992705,aged_only,1,MacFib
Fgd5,F1_Aged,0.0714138847904209,aged_only,1,MacFib
Fgf1,F1_Aged,0.062678289859628,aged_only,1,MacFib
Fhod3,F1_Aged,0.00338949533308597,aged_only,1,MacFib
Filip1,F1_Aged,0.00467066067562758,aged_only,0.739209947891415,MacFib
Fip1l1,F1_Aged,0.0813967388109705,aged_only,1,MacFib
Fndc3a,F1_Aged,0.0714138847904209,aged_only,1,MacFib
Fryl,F1_Aged,0.0460482088493922,aged_only,1,MacFib
Fsd1l,F1_Aged,0.093679711371154,aged_only,1,MacFib
Fsd2,F1_Aged,0.0935489633209112,aged_only,1,MacFib
Fto,F1_Aged,0.0261486802786461,aged_only,1,MacFib
Fyttd1,F1_Aged,0.0220283251625452,aged_only,1,MacFib
Gigyf2,F1_Aged,1.23703321071602e-7,aged_only,1,MacFib
Gli3,F1_Aged,0.0531373944376754,aged_only,1,MacFib
Gm12295,F1_Aged,0.0836879218534393,aged_only,1,MacFib
Gm13481,F1_Aged,0.0133852333723921,aged_only,1,MacFib
Gm20619,F1_Aged,0.032826403395183,aged_only,1,MacFib
Gm26862,F1_Aged,0.0848476800134853,aged_only,1,MacFib
Gna13,F1_Aged,0.0275762095035733,aged_only,1,MacFib
Gnb1,F1_Aged,0.036687679484791,aged_only,1,MacFib
Got1,F1_Aged,0.0737494139039087,aged_only,0.562487790260237,MacFib
Gpatch2,F1_Aged,0.0221329011893451,aged_only,1,MacFib
Gpatch8,F1_Aged,0.0767753559904208,aged_only,1,MacFib
Grb10,F1_Aged,0.0192305528436787,aged_only,1,MacFib
Grm1,F1_Aged,0.00302614802353121,aged_only,1,MacFib
Hdac4,F1_Aged,0.0221900394683032,aged_only,1,MacFib
Hibadh,F1_Aged,0.0931991209954182,aged_only,1,MacFib
Hk2,F1_Aged,0.0730998975744789,aged_only,1,MacFib
Hmbox1,F1_Aged,0.0278465737844422,aged_only,1,MacFib
Hmcn1,F1_Aged,0.0126489731329775,aged_only,1,MacFib
Hmg20a,F1_Aged,0.034722431098698,aged_only,1,MacFib
Homer2,F1_Aged,0.0748452175284098,aged_only,1,MacFib
Hspa4,F1_Aged,8.38645580276444e-16,aged_only,0.116812263146657,MacFib
Hspa9,F1_Aged,4.7803662153272e-4,aged_only,0.198084310440441,MacFib
Ints8,F1_Aged,0.0205531904198744,aged_only,1,MacFib
Irs1,F1_Aged,0.0134320140595127,aged_only,0.229051189783311,MacFib
Itgb1,F1_Aged,0.0616704332872157,aged_only,1,MacFib
Kcnd2,F1_Aged,0.0120772616760614,aged_only,0.681403222512892,MacFib
Kcnd3,F1_Aged,0.0526753914997536,aged_only,1,MacFib
Kcnj3,F1_Aged,0.066781680679002,aged_only,1,MacFib
Kcnn2,F1_Aged,0.0168146705859863,aged_only,1,MacFib
Kcnq1,F1_Aged,0.0183165983789626,aged_only,1,MacFib
Kdm4c,F1_Aged,0.0272351432836287,aged_only,1,MacFib
Kdm5a,F1_Aged,0.0536558031001206,aged_only,1,MacFib
Kif13a,F1_Aged,0.0112195329462652,aged_only,1,MacFib
Kmt2a,F1_Aged,0.033463833022921,aged_only,1,MacFib
Lcorl,F1_Aged,0.0276871957378947,aged_only,1,MacFib
Ldb3,F1_Aged,0.0720827992376284,aged_only,1,MacFib
Limd1,F1_Aged,0.0132770098347752,aged_only,1,MacFib
Lin52,F1_Aged,0.0955647914970195,aged_only,1,MacFib
Lmo7,F1_Aged,0.00552546840493122,aged_only,1,MacFib
Lmod2,F1_Aged,0.0639356839753075,aged_only,1,MacFib
Lncpint,F1_Aged,0.0259917940054279,aged_only,1,MacFib
Lncppara,F1_Aged,0.0338576389949181,aged_only,1,MacFib
Lpgat1,F1_Aged,0.0489772606052165,aged_only,1,MacFib
Lpin1,F1_Aged,0.0933788163389577,aged_only,1,MacFib
Lrrc2,F1_Aged,0.0967943077758978,aged_only,1,MacFib
Macf1,F1_Aged,0.0561777502790833,aged_only,1,MacFib
Malt1,F1_Aged,0.0614480737067202,aged_only,1,MacFib
Man1a2,F1_Aged,0.0159778539152547,aged_only,1,MacFib
Map3k1,F1_Aged,0.0185556079717084,aged_only,1,MacFib
Map3k7,F1_Aged,0.0286201376702962,aged_only,1,MacFib
Map4,F1_Aged,0.0451587589751742,aged_only,1,MacFib
Mapk10,F1_Aged,0.0770235571364721,aged_only,1,MacFib
Mapk14,F1_Aged,0.0346226182545658,aged_only,1,MacFib
Mapre2,F1_Aged,0.0973842136212781,aged_only,1,MacFib
Mapt,F1_Aged,0.0738167698800977,aged_only,1,MacFib
Mark2,F1_Aged,0.0561777502790833,aged_only,1,MacFib
Mat2a,F1_Aged,0.0216030386639244,aged_only,1,MacFib
Mbnl2,F1_Aged,0.036687679484791,aged_only,1,MacFib
Mcmbp,F1_Aged,0.0655276324056104,aged_only,1,MacFib
Mdh1,F1_Aged,0.0499050560199459,aged_only,1,MacFib
Meis1,F1_Aged,0.0287290178441687,aged_only,1,MacFib
Memo1,F1_Aged,0.0701887938006642,aged_only,0.25493605171482697,MacFib
Mff,F1_Aged,0.0281300711323174,aged_only,1,MacFib
Mgll,F1_Aged,0.0175069386266879,aged_only,1,MacFib
Mhrt,F1_Aged,0.0999305777938979,aged_only,1,MacFib
Mitf,F1_Aged,0.0963047938767697,aged_only,1,MacFib
Mlip,F1_Aged,0.0225441092020141,aged_only,0.51539261697333,MacFib
Mnat1,F1_Aged,0.0520231340000905,aged_only,1,MacFib
Mon2,F1_Aged,0.0921894366660265,aged_only,1,MacFib
Mpc1,F1_Aged,0.0561255037716607,aged_only,1,MacFib
Mtch2,F1_Aged,0.0340582408414343,aged_only,1,MacFib
Mtdh,F1_Aged,0.0250700945478771,aged_only,1,MacFib
Myh7,F1_Aged,0.0813967388109705,aged_only,1,MacFib
Myo6,F1_Aged,0.0536025512760716,aged_only,1,MacFib
Myocd,F1_Aged,0.0270141542967093,aged_only,1,MacFib
Myof,F1_Aged,0.0286988569964835,aged_only,1,MacFib
Myom1,F1_Aged,0.0174316400172293,aged_only,1,MacFib
Mypn,F1_Aged,0.073023097304519,aged_only,1,MacFib
Myzap,F1_Aged,0.0295961445150301,aged_only,0.690684049253221,MacFib
Naa15,F1_Aged,0.0462361038748432,aged_only,1,MacFib
Nampt,F1_Aged,0.0544464339589546,aged_only,1,MacFib
Nav2,F1_Aged,0.0100251984319187,aged_only,1,MacFib
Nbas,F1_Aged,0.017121917253003,aged_only,1,MacFib
Nceh1,F1_Aged,0.0168146705859863,aged_only,1,MacFib
Ncoa1,F1_Aged,0.0860182971747014,aged_only,1,MacFib
Neat1,F1_Aged,0.0168146705859863,aged_only,1,MacFib
Nebl,F1_Aged,0.042798451887353,aged_only,1,MacFib
Nek1,F1_Aged,0.0240577136010903,aged_only,1,MacFib
Nek7,F1_Aged,0.0309113068714951,aged_only,1,MacFib
Nexn,F1_Aged,0.0453705733113773,aged_only,1,MacFib
Nfkbiz,F1_Aged,0.00137493541047911,aged_only,1,MacFib
Nfyc,F1_Aged,0.0186771899173295,aged_only,1,MacFib
Nipsnap2,F1_Aged,0.0400981374253964,aged_only,1,MacFib
Nnt,F1_Aged,0.03918763807054,aged_only,1,MacFib
Npepps,F1_Aged,0.0211247815069723,aged_only,1,MacFib
Nrap,F1_Aged,0.0794439017653702,aged_only,1,MacFib
Nrdc,F1_Aged,0.042798451887353,aged_only,1,MacFib
Nsmce2,F1_Aged,0.0489772606052165,aged_only,1,MacFib
Obscn,F1_Aged,0.0459928925083086,aged_only,1,MacFib
Opa1,F1_Aged,0.0020122303125155302,aged_only,1,MacFib
Parva,F1_Aged,0.0664799140864212,aged_only,1,MacFib
Pbrm1,F1_Aged,0.0268579162994757,aged_only,1,MacFib
Pcm1,F1_Aged,4.7803662153272e-4,aged_only,1,MacFib
Pde4dip,F1_Aged,0.0301279711481765,aged_only,1,MacFib
Pdgfra,F1_Aged,0.0163180142530062,aged_only,1,MacFib
Pdia3,F1_Aged,0.0231144302831849,aged_only,1,MacFib
Pds5a,F1_Aged,0.0770235571364721,aged_only,1,MacFib
Pdss2,F1_Aged,0.0262082076308844,aged_only,1,MacFib
Pecam1,F1_Aged,0.0281300711323174,aged_only,1,MacFib
Per3,F1_Aged,0.0091516669309721,aged_only,1,MacFib
Pfkfb2,F1_Aged,0.0614480737067202,aged_only,0.258763357163707,MacFib
Pgm5,F1_Aged,0.0262712506667793,aged_only,1,MacFib
Phactr2,F1_Aged,0.0784141476660275,aged_only,1,MacFib
Phf14,F1_Aged,0.0187970666241851,aged_only,1,MacFib
Phf20,F1_Aged,0.00116129611959438,aged_only,1,MacFib
Pias1,F1_Aged,0.037386424634482,aged_only,1,MacFib
Pkig,F1_Aged,0.0186771899173295,aged_only,1,MacFib
Pkn2,F1_Aged,0.0156959645159517,aged_only,1,MacFib
Plekha1,F1_Aged,0.0229036725294312,aged_only,0.195867018722983,MacFib
Pln,F1_Aged,0.0921894366660265,aged_only,1,MacFib
Ppargc1a,F1_Aged,0.0172458525436911,aged_only,1,MacFib
Ppfia1,F1_Aged,0.027174639331991,aged_only,1,MacFib
Ppip5k2,F1_Aged,0.0459526498295815,aged_only,1,MacFib
Ppm1b,F1_Aged,0.0161014778810255,aged_only,1,MacFib
Ppp1r12b,F1_Aged,0.0306227066353925,aged_only,1,MacFib
Ppp1r9a,F1_Aged,0.0270141542967093,aged_only,1,MacFib
Ppp4r3a,F1_Aged,3.4999409927054e-4,aged_only,1,MacFib
Prkag2,F1_Aged,0.0420308701887922,aged_only,1,MacFib
Prkd1,F1_Aged,0.0299238865443886,aged_only,0.29737279993469,MacFib
Prune2,F1_Aged,0.0464983281324159,aged_only,1,MacFib
Psma3,F1_Aged,2.9349124258094e-4,aged_only,1,MacFib
Psmd1,F1_Aged,0.0340582408414343,aged_only,1,MacFib
Pstpip2,F1_Aged,2.9380388645658e-4,aged_only,1,MacFib
Ptges3,F1_Aged,0.0488791117090801,aged_only,0.29796305070196,MacFib
Ptpn9,F1_Aged,0.0391097276464409,aged_only,1,MacFib
Pum1,F1_Aged,0.0120176391085262,aged_only,1,MacFib
Pxk,F1_Aged,0.0338576389949181,aged_only,1,MacFib
Pygb,F1_Aged,0.0268582001901934,aged_only,1,MacFib
Rabep1,F1_Aged,2.79281275523388e-12,aged_only,1,MacFib
Rapgef4,F1_Aged,6.7100539677144e-4,aged_only,1,MacFib
Rarb,F1_Aged,0.0987917228126819,aged_only,1,MacFib
Rasa2,F1_Aged,0.0574258502891131,aged_only,1,MacFib
Rb1cc1,F1_Aged,0.032440924488389,aged_only,1,MacFib
Rbfox1,F1_Aged,0.0949239806961611,aged_only,1,MacFib
Rbm24,F1_Aged,0.097250281668991,aged_only,1,MacFib
Rbm5,F1_Aged,0.0433389518246823,aged_only,1,MacFib
Rdx,F1_Aged,0.0221900394683032,aged_only,1,MacFib
Relch,F1_Aged,0.0112030723146322,aged_only,0.805369972226626,MacFib
Resf1,F1_Aged,0.0156526021453888,aged_only,1,MacFib
Rfx7,F1_Aged,0.00648747773863638,aged_only,1,MacFib
Rhoj,F1_Aged,0.04989454249224,aged_only,1,MacFib
Rhot1,F1_Aged,0.0160146151809791,aged_only,1,MacFib
Rmdn1,F1_Aged,0.0779477424954234,aged_only,0.21555499893206,MacFib
Rnf13,F1_Aged,0.0125389356161869,aged_only,1,MacFib
Rnls,F1_Aged,0.0305169842632886,aged_only,0.857381210711077,MacFib
Rprd1b,F1_Aged,0.0113981202547728,aged_only,1,MacFib
Rprd2,F1_Aged,0.0207000754206869,aged_only,1,MacFib
Rrbp1,F1_Aged,0.0209667332011097,aged_only,0.840028841615579,MacFib
Rsrc2,F1_Aged,1.9225651898960497e-11,aged_only,1,MacFib
Sacm1l,F1_Aged,0.0720827992376284,aged_only,1,MacFib
Scaf4,F1_Aged,0.0604543746627422,aged_only,1,MacFib
Scfd2,F1_Aged,0.014016592327995,aged_only,1,MacFib
Sdha,F1_Aged,0.0390587558124059,aged_only,0.309754173593608,MacFib
Sdk1,F1_Aged,0.0366678364929272,aged_only,1,MacFib
Sec14l1,F1_Aged,0.0366633810546854,aged_only,1,MacFib
Sec24a,F1_Aged,0.0654978516195015,aged_only,1,MacFib
Senp2,F1_Aged,0.0146058024301194,aged_only,0.840028841615579,MacFib
Senp7,F1_Aged,0.0338576389949181,aged_only,1,MacFib
Serpinb6a,F1_Aged,0.00369515284865348,aged_only,1,MacFib
Sesn1,F1_Aged,0.0113942000103146,aged_only,1,MacFib
Setx,F1_Aged,0.0198969372779749,aged_only,1,MacFib
Shb,F1_Aged,1.42392617243552e-5,aged_only,1,MacFib
Shld1,F1_Aged,0.0614949765900065,aged_only,1,MacFib
Slc12a2,F1_Aged,0.0407994446499381,aged_only,1,MacFib
Slc20a2,F1_Aged,0.0206788716020761,aged_only,1,MacFib
Slc25a12,F1_Aged,0.0509290461973478,aged_only,1,MacFib
Slc25a13,F1_Aged,0.0826648107372778,aged_only,1,MacFib
Slc30a9,F1_Aged,0.0113942000103146,aged_only,1,MacFib
Slc38a2,F1_Aged,0.0209667332011097,aged_only,1,MacFib
Smad1,F1_Aged,0.0767753559904208,aged_only,1,MacFib
Snta1,F1_Aged,0.00734856295415935,aged_only,1,MacFib
Snx6,F1_Aged,8.9064620075954e-4,aged_only,1,MacFib
Socs2,F1_Aged,0.0421130272219463,aged_only,1,MacFib
Socs5,F1_Aged,3.10102128368553e-6,aged_only,1,MacFib
Sorbs2,F1_Aged,0.004780604414182,aged_only,1,MacFib
Sos2,F1_Aged,0.0229135142099353,aged_only,1,MacFib
Sox5,F1_Aged,0.0323817590483956,aged_only,1,MacFib
Spred2,F1_Aged,0.0210347622083988,aged_only,1,MacFib
Ssbp2,F1_Aged,0.0714138847904209,aged_only,1,MacFib
St7l,F1_Aged,0.00495657346684566,aged_only,0.616217660262446,MacFib
Stard7,F1_Aged,7.1620836726888e-4,aged_only,0.620121255741508,MacFib
Stx7,F1_Aged,0.0069059395906318,aged_only,1,MacFib
Supt3,F1_Aged,0.00285100068478673,aged_only,1,MacFib
Svil,F1_Aged,0.00958156601417127,aged_only,1,MacFib
Syncrip,F1_Aged,0.0493755767017997,aged_only,1,MacFib
Taf3,F1_Aged,2.5124599552755697e-12,aged_only,1,MacFib
Tanc1,F1_Aged,0.00936184720929953,aged_only,1,MacFib
Tango2,F1_Aged,0.0489772606052165,aged_only,1,MacFib
Tbc1d23,F1_Aged,0.0422716885686261,aged_only,0.391125631444885,MacFib
Tbx20,F1_Aged,0.0860134077023298,aged_only,1,MacFib
Tecrl,F1_Aged,0.0665112416285968,aged_only,0.947265365118762,MacFib
Tef,F1_Aged,0.0221900394683032,aged_only,1,MacFib
Tenm3,F1_Aged,0.0251225290607204,aged_only,1,MacFib
Tent2,F1_Aged,0.0249986046519379,aged_only,1,MacFib
Tfdp2,F1_Aged,0.0848476800134853,aged_only,1,MacFib
Tjp2,F1_Aged,0.00215877683641175,aged_only,1,MacFib
Tlk1,F1_Aged,0.0026644324425997,aged_only,1,MacFib
Tmcc3,F1_Aged,0.0484314988321122,aged_only,1,MacFib
Tmem87a,F1_Aged,0.067250807358711,aged_only,1,MacFib
Tmod1,F1_Aged,0.0604475572465711,aged_only,1,MacFib
Tnik,F1_Aged,0.0720827992376284,aged_only,1,MacFib
Tnks,F1_Aged,0.03918763807054,aged_only,1,MacFib
Tnni3,F1_Aged,0.0966638732888877,aged_only,1,MacFib
Tnni3k,F1_Aged,0.029660194427581,aged_only,1,MacFib
Tnpo3,F1_Aged,0.0427803540436575,aged_only,1,MacFib
Tom1l2,F1_Aged,0.0289998371003258,aged_only,1,MacFib
Tomm70a,F1_Aged,0.0253779917880527,aged_only,0.210862575896066,MacFib
Top2b,F1_Aged,0.0316982509590241,aged_only,1,MacFib
Tpm1,F1_Aged,0.0817100374762849,aged_only,1,MacFib
Tra2b,F1_Aged,0.014962023900801,aged_only,1,MacFib
Trak1,F1_Aged,0.0395248915537721,aged_only,1,MacFib
Trerf1,F1_Aged,0.034722431098698,aged_only,1,MacFib
Trim24,F1_Aged,0.0562033607945974,aged_only,1,MacFib
Trim44,F1_Aged,0.00188419683030389,aged_only,1,MacFib
Trim63,F1_Aged,0.0786502165834447,aged_only,1,MacFib
Trip11,F1_Aged,0.0489772606052165,aged_only,1,MacFib
Tshz1,F1_Aged,0.055537359437658,aged_only,1,MacFib
Ttc14,F1_Aged,0.0663555439852552,aged_only,1,MacFib
Ttn,F1_Aged,0.00223120934394991,aged_only,1,MacFib
Tut4,F1_Aged,0.031489654697023,aged_only,1,MacFib
U2surp,F1_Aged,0.0741388126446764,aged_only,1,MacFib
Ube2r2,F1_Aged,0.014016592327995,aged_only,1,MacFib
Ube3a,F1_Aged,0.0767049918743418,aged_only,1,MacFib
Ube3c,F1_Aged,0.0106176877621742,aged_only,1,MacFib
Ube4b,F1_Aged,0.022439971815905,aged_only,1,MacFib
Ugt1a7c,F1_Aged,0.0159778539152547,aged_only,1,MacFib
Usp28,F1_Aged,0.0700833855695503,aged_only,1,MacFib
Usp54,F1_Aged,0.00296931794287936,aged_only,1,MacFib
Vegfc,F1_Aged,0.0286201376702962,aged_only,1,MacFib
Vwa8,F1_Aged,0.064771550119242,aged_only,0.116480549191097,MacFib
Wdfy2,F1_Aged,0.0231144302831849,aged_only,1,MacFib
Wdpcp,F1_Aged,1.62548568429963e-8,aged_only,1,MacFib
Wwp1,F1_Aged,0.0412132388507344,aged_only,1,MacFib
Xpo7,F1_Aged,0.00592720183385378,aged_only,1,MacFib
Xrn2,F1_Aged,0.00934792819994734,aged_only,0.803907132497027,MacFib
Yap1,F1_Aged,0.00832975675749234,aged_only,1,MacFib
Yes1,F1_Aged,0.0146768312959514,aged_only,1,MacFib
Yipf7,F1_Aged,0.0898042252285647,aged_only,1,MacFib
Ylpm1,F1_Aged,0.00253704502849288,aged_only,1,MacFib
Ywhaz,F1_Aged,0.0424013897959823,aged_only,1,MacFib
Zbtb46,F1_Aged,0.00911430133490195,aged_only,1,MacFib
Zfand5,F1_Aged,5.33651896278531e-7,aged_only,1,MacFib
Zfp106,F1_Aged,0.0184314588963714,aged_only,1,MacFib
Zfp280d,F1_Aged,0.0178464728640533,aged_only,1,MacFib
Zfp445,F1_Aged,0.0349103818003806,aged_only,1,MacFib
Zfp652,F1_Aged,0.0536025512760716,aged_only,1,MacFib
Zkscan3,F1_Aged,0.098560426473778,aged_only,1,MacFib
Znrf3,F1_Aged,0.0100627695703683,aged_only,1,MacFib
Zranb1,F1_Aged,0.0794315954801355,aged_only,1,MacFib
2610037D02Rik,F1_Young,1.07681802674946e-10,young_only,1,MacFib
Abcc5,F1_Young,3.47445180558938e-5,young_only,1,MacFib
Actr3,F1_Young,0.00712353200720523,young_only,1,MacFib
Adcy9,F1_Young,2.28357602436473e-8,young_only,1,MacFib
Agfg1,F1_Young,0.0372485499419731,young_only,1,MacFib
Ago2,F1_Young,1.3708710303505e-4,young_only,0.785906098016655,MacFib
Akap10,F1_Young,7.5666697940622e-4,young_only,1,MacFib
Ap1g1,F1_Young,7.99814696251413e-7,young_only,1,MacFib
Apbb1ip,F1_Young,1.89091746503899e-6,young_only,1,MacFib
Arhgap15,F1_Young,6.69533837700209e-5,young_only,1,MacFib
Arhgap18,F1_Young,3.09256113405324e-6,young_only,1,MacFib
Arid2,F1_Young,0.00587856354277901,young_only,0.14774166944976,MacFib
Arid5b,F1_Young,2.35814643457175e-5,young_only,1,MacFib
Armh3,F1_Young,1.07681802674946e-10,young_only,1,MacFib
Atf2,F1_Young,0.0136498533874813,young_only,0.16559996337893,MacFib
Atp13a3,F1_Young,0.00315296961686307,young_only,1,MacFib
Atp1b3,F1_Young,3.07466610959542e-5,young_only,1,MacFib
Ccar1,F1_Young,0.00618151592670027,young_only,1,MacFib
Ccdc88a,F1_Young,4.16299904352033e-5,young_only,1,MacFib
Cdc73,F1_Young,2.67760074278353e-8,young_only,1,MacFib
Clint1,F1_Young,0.0109446356432448,young_only,1,MacFib
Cpsf7,F1_Young,0.015185071591881,young_only,0.177370981955584,MacFib
Cst3,F1_Young,1.2979951184282e-4,young_only,1,MacFib
Ctnnd1,F1_Young,1.53809566044639e-8,young_only,1,MacFib
Dcaf10,F1_Young,6.93348414308152e-8,young_only,0.184075853927306,MacFib
Dicer1,F1_Young,0.0017967653237982,young_only,0.185617623796229,MacFib
Dlg1,F1_Young,0.0499703228804376,young_only,1,MacFib
Dync1i2,F1_Young,2.1249444538033e-4,young_only,0.203369861393479,MacFib
Eepd1,F1_Young,1.76252786161213e-5,young_only,1,MacFib
Epas1,F1_Young,1.54881219331152e-5,young_only,1,MacFib
Fabp4,F1_Young,0.0377822250445334,young_only,1,MacFib
Fbxl17,F1_Young,0.0272870122632219,young_only,1,MacFib
Fbxw11,F1_Young,0.0740538851821498,young_only,1,MacFib
Fyb1,F1_Young,6.93262872007337e-5,young_only,1,MacFib
Galnt2,F1_Young,1.26594585205377e-5,young_only,0.211739484727399,MacFib
Gda,F1_Young,0.0172772467365054,young_only,1,MacFib
Gja1,F1_Young,4.66576011002693e-9,young_only,0.384153531466499,MacFib
Glis3,F1_Young,3.96853183592098e-8,young_only,0.111286267659623,MacFib
Gns,F1_Young,1.02906550792424e-7,young_only,1,MacFib
Golph3,F1_Young,0.0184112959480464,young_only,1,MacFib
Hdac9,F1_Young,0.0619874508622327,young_only,1,MacFib
Hecw2,F1_Young,0.0466360009333459,young_only,0.12262422346402,MacFib
Il15,F1_Young,5.5898108235011e-5,young_only,1,MacFib
Il6ra,F1_Young,0.0147553108773541,young_only,1,MacFib
Il6st,F1_Young,8.6937721127476e-4,young_only,1,MacFib
Kcng2,F1_Young,0.0134455096447835,young_only,0.388592257520797,MacFib
Klf6,F1_Young,0.00138585790455793,young_only,0.361014529560766,MacFib
Larp4,F1_Young,0.0159633238111112,young_only,1,MacFib
Lrrk1,F1_Young,3.87100933970994e-7,young_only,1,MacFib
Lrrk2,F1_Young,2.604842011806e-4,young_only,1,MacFib
Luc7l2,F1_Young,0.0864751182454822,young_only,1,MacFib
Luc7l3,F1_Young,3.09256113405324e-6,young_only,1,MacFib
Lyve1,F1_Young,0.0901062150664416,young_only,1,MacFib
Mapk1,F1_Young,0.00370517407808503,young_only,1,MacFib
Mapk8ip3,F1_Young,2.1719042584364e-4,young_only,1,MacFib
Mbtd1,F1_Young,0.0100894691793636,young_only,1,MacFib
Mga,F1_Young,2.035648755525e-9,young_only,1,MacFib
Myh9,F1_Young,0.00984198213341059,young_only,1,MacFib
Nid1,F1_Young,0.0752528799904729,young_only,1,MacFib
Nt5c2,F1_Young,0.0202802051669971,young_only,1,MacFib
Pfkfb3,F1_Young,2.52497297730592e-5,young_only,1,MacFib
Pi4ka,F1_Young,0.0588095134052718,young_only,1,MacFib
Pik3c2a,F1_Young,9.39485123177498e-7,young_only,1,MacFib
Plpp1,F1_Young,1.29486916979441e-5,young_only,1,MacFib
Pou2f1,F1_Young,5.5898108235011e-5,young_only,1,MacFib
Ppara,F1_Young,0.0882241177169508,young_only,0.388012905530365,MacFib
Ppp2ca,F1_Young,7.58777057834096e-5,young_only,1,MacFib
Ppp2r5a,F1_Young,0.0342344478613694,young_only,1,MacFib
Ppp2r5c,F1_Young,2.25628752416129e-8,young_only,1,MacFib
Ptbp3,F1_Young,3.92402408399106e-8,young_only,1,MacFib
Pvt1,F1_Young,0.00769318224117384,young_only,1,MacFib
Qrich1,F1_Young,0.0153175867788112,young_only,1,MacFib
Rab7,F1_Young,0.0687501621759942,young_only,1,MacFib
Ralgapb,F1_Young,1.32400554498361e-6,young_only,1,MacFib
Rapgef5,F1_Young,0.0740538851821498,young_only,1,MacFib
Rbbp6,F1_Young,0.0102953538211842,young_only,1,MacFib
Rgs6,F1_Young,0.00304793555185273,young_only,0.168464780337652,MacFib
Ric1,F1_Young,0.00486166643228692,young_only,1,MacFib
Rnf150,F1_Young,1.53809566044639e-8,young_only,1,MacFib
Rps6kb1,F1_Young,3.87100933970994e-7,young_only,1,MacFib
Sbf2,F1_Young,0.0365100479522993,young_only,1,MacFib
Sel1l,F1_Young,0.00106984676998542,young_only,1,MacFib
Senp6,F1_Young,6.44516787949905e-13,young_only,1,MacFib
Setd5,F1_Young,0.0328014287284711,young_only,1,MacFib
Shoc2,F1_Young,0.0972100552700985,young_only,1,MacFib
Slc28a2,F1_Young,3.43812031597536e-5,young_only,0.110405547528508,MacFib
Slc8a1,F1_Young,0.0745349784660639,young_only,0.20751640787521,MacFib
Slit2,F1_Young,3.47445180558938e-5,young_only,0.226077151426454,MacFib
Smad3,F1_Young,2.9654628253195e-6,young_only,1,MacFib
Smchd1,F1_Young,1.02201531744769e-6,young_only,1,MacFib
Smurf1,F1_Young,1.1403497362821e-4,young_only,1,MacFib
Snx3,F1_Young,5.99395792096104e-7,young_only,1,MacFib
Snx9,F1_Young,1.12195046619831e-8,young_only,0.138885707184478,MacFib
Sobp,F1_Young,1.24945287325155e-5,young_only,0.133395690780915,MacFib
Spag9,F1_Young,0.00873933298610812,young_only,0.747814201120123,MacFib
Srrm1,F1_Young,5.01735513233624e-8,young_only,1,MacFib
Stard9,F1_Young,0.0067116987396795,young_only,1,MacFib
Tank,F1_Young,4.16299904352033e-5,young_only,1,MacFib
Tbxas1,F1_Young,1.87343006720516e-5,young_only,1,MacFib
Timp3,F1_Young,2.0082324378814e-9,young_only,1,MacFib
Tlk2,F1_Young,7.83288586577523e-6,young_only,0.511899812025114,MacFib
Tmem131l,F1_Young,0.0143724390067649,young_only,0.727370069440899,MacFib
Tns3,F1_Young,1.60356850440878e-6,young_only,1,MacFib
Trappc8,F1_Young,0.00175077464653456,young_only,1,MacFib
Tsc22d2,F1_Young,0.0202326232979724,young_only,1,MacFib
Tspan5,F1_Young,9.4901050536257e-4,young_only,1,MacFib
Tut7,F1_Young,5.46836404794413e-7,young_only,1,MacFib
Ube2w,F1_Young,2.15765615763868e-6,young_only,1,MacFib
Ubr3,F1_Young,0.0227936443734968,young_only,1,MacFib
Vps54,F1_Young,0.0816787673607972,young_only,0.183534020977364,MacFib
Wsb1,F1_Young,5.13084047350086e-5,young_only,1,MacFib
Wwc2,F1_Young,0.0687501621759942,young_only,1,MacFib
Zmiz1,F1_Young,0.00818158078247428,young_only,1,MacFib
Zmym2,F1_Young,0.0184112959480464,young_only,1,MacFib
