ID,Description,setSize,enrichmentScore,NES,pvalue,p.adjust,qvalue,rank,leading_edge,core_enrichment,my_sign
GO:1903131,mononuclear cell differentiation,10,0.46153846153846156,1.6425363248241855,0.030809378849720882,1,1,66,"tags=100%, list=58%, signal=46%",Vps54/Hdac9/Il6ra/Tmem131l/Atf2/Myh9/Zmiz1/Arid2/Dicer1/Il15,BL6-biased
GO:0007417,central nervous system development,11,0.41747572815533984,1.6158452218085262,0.07331943274539336,1,1,71,"tags=100%, list=62%, signal=42%",Vps54/Fbxw11/Atf2/Zmiz1/Actr3/Mapk1/Dicer1/Il6st/Lrrk2/Mapk8ip3/Slit2,BL6-biased
GO:0006508,proteolysis,20,-0.48464464771601506,-1.5056371571233194,0.043523316062176166,1,1,11,"tags=30%, list=10%, signal=33%",Ppp2r5c/Ctnnd1/Rnf150/Snx9/Timp3/Senp6,CAST-biased
GO:0022402,cell cycle process,17,-0.49692643899571054,-1.48081175333513,0.04893617021276596,1,1,19,"tags=35%, list=17%, signal=35%",Rps6kb1/Cdc73/Ppp2r5c/Snx9/Gja1/Senp6,CAST-biased
GO:0000278,mitotic cell cycle,10,-0.5401895320975691,-1.4171998946101736,0.08013544018058691,1,1,19,"tags=40%, list=17%, signal=37%",Rps6kb1/Cdc73/Snx9/Gja1,CAST-biased
GO:1903047,mitotic cell cycle process,10,-0.5401895320975691,-1.4171998946101736,0.08013544018058691,1,1,19,"tags=40%, list=17%, signal=37%",Rps6kb1/Cdc73/Snx9/Gja1,CAST-biased
GO:0007049,cell cycle,19,-0.46070452841137394,-1.4071930340687286,0.07278481012658228,1,1,19,"tags=32%, list=17%, signal=32%",Rps6kb1/Cdc73/Ppp2r5c/Snx9/Gja1/Senp6,CAST-biased
GO:0072657,protein localization to membrane,10,0.3846153846153846,1.368780270686821,0.09350477425729102,1,1,74,"tags=100%, list=65%, signal=38%",Rab7/Dlg1/Ppp2r5a/Golph3/Actr3/Tspan5/Smurf1/Fyb1/Ccdc88a/Atp1b3,BL6-biased
GO:0072659,protein localization to plasma membrane,10,0.3846153846153846,1.368780270686821,0.09350477425729102,1,1,74,"tags=100%, list=65%, signal=38%",Rab7/Dlg1/Ppp2r5a/Golph3/Actr3/Tspan5/Smurf1/Fyb1/Ccdc88a/Atp1b3,BL6-biased
GO:1990778,protein localization to cell periphery,10,0.3846153846153846,1.368780270686821,0.09350477425729102,1,1,74,"tags=100%, list=65%, signal=38%",Rab7/Dlg1/Ppp2r5a/Golph3/Actr3/Tspan5/Smurf1/Fyb1/Ccdc88a/Atp1b3,BL6-biased
GO:0051726,regulation of cell cycle,12,-0.48752932346081745,-1.3302632702047694,0.1365149833518313,1,1,19,"tags=33%, list=17%, signal=31%",Rps6kb1/Cdc73/Gja1/Senp6,CAST-biased
GO:0033043,regulation of organelle organization,17,-0.44132086978627316,-1.3151104060640189,0.1351063829787234,1,1,8,"tags=24%, list=7%, signal=26%",Snx9/Gja1/Armh3/Senp6,CAST-biased
GO:0030163,protein catabolic process,23,-0.4104770633820186,-1.2999872923361888,0.1431513903192585,1,1,33,"tags=43%, list=29%, signal=39%",Tlk2/Smad3/Ube2w/Snx3/Gns/Ppp2r5c/Rnf150/Snx9/Gja1/Timp3,CAST-biased
GO:0141124,intracellular signaling cassette,25,0.2471910112359551,1.2595934272253901,0.235715120939509,1,1,92,"tags=100%, list=81%, signal=25%",Shoc2/Ppara/Slc8a1/Rapgef5/Fbxw11/Dlg1/Qrich1/Il6ra/Atf2/Myh9/Spag9/Zmiz1/Mapk1/Lrrk2/Mapk8ip3/Ppp2ca/Arhgap15/Tank/Ccdc88a/Slit2/Arhgap18/Smad3/Tns3/Ralgapb/Pik3c2a,BL6-biased
GO:0007399,nervous system development,27,0.25662941164677644,1.2577858648849878,0.058863104335113124,1,1,75,"tags=93%, list=66%, signal=42%",Shoc2/Vps54/Fbxw11/Hdac9/Pi4ka/Dlg1/Hecw2/Setd5/Fbxl17/Atf2/Spag9/Zmiz1/Actr3/Mapk1/Rgs6/Dicer1/Il6st/Lrrk2/Mapk8ip3/Dync1i2/Ago2/Smurf1/Ccdc88a/Slit2/Pfkfb3,BL6-biased
GO:0010256,endomembrane system organization,10,-0.47621827526011085,-1.2493698033899847,0.18961625282167044,1,1,23,"tags=40%, list=20%, signal=35%",Ap1g1/Snx3/Snx9/Armh3,CAST-biased
GO:0008285,negative regulation of cell population proliferation,14,-0.4377029653768525,-1.248727384710789,0.1882480957562568,1,1,13,"tags=29%, list=11%, signal=29%",Cdc73/Ppp2r5c/Gja1/Timp3,CAST-biased
GO:0009607,response to biotic stimulus,16,-0.42066350688180837,-1.2385625256649915,0.19743863393810032,1,1,30,"tags=44%, list=26%, signal=38%",Smad3/Ube2w/Ap1g1/Snx3/Rps6kb1/Cdc73/Gja1,CAST-biased
GO:0043207,response to external biotic stimulus,16,-0.42066350688180837,-1.2385625256649915,0.19743863393810032,1,1,30,"tags=44%, list=26%, signal=38%",Smad3/Ube2w/Ap1g1/Snx3/Rps6kb1/Cdc73/Gja1,CAST-biased
GO:0051707,response to other organism,16,-0.42066350688180837,-1.2385625256649915,0.19743863393810032,1,1,30,"tags=44%, list=26%, signal=38%",Smad3/Ube2w/Ap1g1/Snx3/Rps6kb1/Cdc73/Gja1,CAST-biased
GO:0009725,response to hormone,10,-0.470376523629466,-1.2340438311092161,0.2054176072234763,1,1,30,"tags=40%, list=26%, signal=32%",Smad3/Rps6kb1/Gja1/Timp3,CAST-biased
GO:0006396,RNA processing,10,-0.4661106170762134,-1.2228521253125282,0.22234762979683972,1,1,32,"tags=50%, list=28%, signal=39%",Luc7l3/Tut7/Srrm1/Ptbp3/Cdc73,CAST-biased
GO:0009057,macromolecule catabolic process,28,-0.37138502295876996,-1.210880197972579,0.2173469387755102,1,1,33,"tags=39%, list=29%, signal=37%",Tlk2/Smad3/Ube2w/Snx3/Tut7/Gns/Ppp2r5c/Rnf150/Snx9/Gja1/Timp3,CAST-biased
GO:0000165,MAPK cascade,10,0.33667761404560337,1.1981779567875885,0.21551724137931033,1,1,58,"tags=90%, list=51%, signal=48%",Shoc2/Dlg1/Il6ra/Atf2/Myh9/Spag9/Mapk1/Lrrk2/Mapk8ip3,BL6-biased
GO:0048871,multicellular organismal-level homeostasis,12,-0.43632062769501406,-1.190536193669621,0.25527192008879024,1,1,53,"tags=67%, list=46%, signal=40%",Ppp2ca/Il15/Slc28a2/Epas1/Tns3/Lrrk1/Ptbp3/Gja1,CAST-biased
GO:0051493,regulation of cytoskeleton organization,12,-0.43076079408024,-1.1753657370626593,0.26526082130965595,1,1,46,"tags=58%, list=40%, signal=39%",Ccdc88a/Slit2/Arhgap18/Smad3/Snx9/Gja1/Senp6,CAST-biased
GO:0009894,regulation of catabolic process,19,-0.3827606543630396,-1.1691183683228588,0.2921940928270042,1,1,66,"tags=84%, list=58%, signal=43%",Ric1/Dicer1/Tspan5/Lrrk2/Ago2/Cst3/Smurf1/Ppp2ca/Tlk2/Smad3/Pik3c2a/Snx3/Tut7/Snx9/Gja1/Timp3,CAST-biased
GO:0009896,positive regulation of catabolic process,10,-0.4410514818377915,-1.1571088968552632,0.29909706546275394,1,1,59,"tags=80%, list=52%, signal=42%",Lrrk2/Ago2/Smurf1/Ppp2ca/Pik3c2a/Tut7/Snx9/Gja1,CAST-biased
GO:0006955,immune response,13,-0.4115478477627381,-1.1566931794395932,0.29508196721311475,1,1,53,"tags=69%, list=46%, signal=42%",Ppp2ca/Fyb1/Il15/Smad3/Ube2w/Apbb1ip/Ap1g1/Snx3/Rps6kb1,CAST-biased
GO:0007276,gamete generation,11,-0.4261616480329138,-1.1441925793107777,0.311529933481153,1,1,33,"tags=45%, list=29%, signal=36%",Tlk2/Smchd1/Tut7/Rps6kb1/Gja1,CAST-biased
GO:0009628,response to abiotic stimulus,10,-0.4344997961374016,-1.139920395908091,0.3227990970654628,1,1,47,"tags=60%, list=41%, signal=39%",Tank/Epas1/Tlk2/Smad3/Rps6kb1/Gja1,CAST-biased
GO:0030029,actin filament-based process,10,-0.43443266647572026,-1.1397442796677586,0.3227990970654628,1,1,46,"tags=60%, list=40%, signal=39%",Ccdc88a/Slit2/Arhgap18/Smad3/Snx9/Gja1,CAST-biased
GO:0030036,actin cytoskeleton organization,10,-0.43443266647572026,-1.1397442796677586,0.3227990970654628,1,1,46,"tags=60%, list=40%, signal=39%",Ccdc88a/Slit2/Arhgap18/Smad3/Snx9/Gja1,CAST-biased
GO:0032879,regulation of localization,24,-0.35564840464441944,-1.1391469139953205,0.3142272262026612,1,1,26,"tags=33%, list=23%, signal=33%",Ralgapb/Pik3c2a/Ap1g1/Snx3/Rps6kb1/Ctnnd1/Snx9/Gja1,CAST-biased
GO:0016071,mRNA metabolic process,12,-0.4171630602656111,-1.1382632183398527,0.30077691453940064,1,1,37,"tags=50%, list=32%, signal=38%",Epas1/Luc7l3/Tut7/Srrm1/Ptbp3/Cdc73,CAST-biased
GO:0030162,regulation of proteolysis,11,-0.4184394762205879,-1.1234594802048166,0.33370288248337027,1,1,62,"tags=82%, list=54%, signal=41%",Tspan5/Lrrk2/Cst3/Smurf1/Tank/Tlk2/Ctnnd1/Snx9/Timp3,CAST-biased
GO:0042176,regulation of protein catabolic process,13,-0.399006769840888,-1.1214453233910604,0.33989071038251367,1,1,33,"tags=77%, list=29%, signal=62%",Tspan5/Lrrk2/Cst3/Ppp2ca/Tlk2/Smad3/Snx3/Snx9/Gja1/Timp3,CAST-biased
GO:1902903,regulation of supramolecular fiber organization,10,-0.42607048901283284,-1.117805911160138,0.34875846501128666,1,1,46,"tags=60%, list=40%, signal=39%",Ccdc88a/Slit2/Arhgap18/Smad3/Snx9/Gja1,CAST-biased
GO:0006996,organelle organization,36,-0.3359369073073213,-1.1175548428946895,0.3414141414141414,1,1,31,"tags=33%, list=27%, signal=35%",Arhgap18/Smad3/Tns3/Smchd1/Pik3c2a/Ap1g1/Snx3/Ppp2r5c/Snx9/Gja1/Armh3/Senp6,CAST-biased
GO:0044419,biological process involved in interspecies interaction between organisms,19,-0.36495328974402325,-1.114726892004166,0.3512658227848101,1,1,30,"tags=37%, list=26%, signal=33%",Smad3/Ube2w/Ap1g1/Snx3/Rps6kb1/Cdc73/Gja1,CAST-biased
GO:0018193,peptidyl-amino acid modification,13,-0.39517372838194537,-1.1106722068842667,0.34863387978142074,1,1,35,"tags=46%, list=31%, signal=36%",Galnt2/Tlk2/Lrrk1/Rps6kb1/Ctnnd1/Senp6,CAST-biased
GO:0010629,negative regulation of gene expression,12,-0.40683535986231484,-1.110083250795217,0.3362930077691454,1,1,59,"tags=83%, list=52%, signal=45%",Dicer1/Lrrk2/Ago2/Pou2f1/Slit2/Smad3/Smchd1/Tut7/Ptbp3/Gja1,CAST-biased
GO:0048878,chemical homeostasis,13,0.27722772277227725,1.0978275693465138,0.3448275862068966,1,1,86,"tags=100%, list=75%, signal=28%",Vps54/Slc8a1/Rab7/Hdac9/Fabp4/Myh9/Mapk1/Atp13a3/Lrrk2/Atp1b3/Tbxas1/Epas1/Smad3,BL6-biased
GO:0051049,regulation of transport,18,-0.36170236301013,-1.096026318147034,0.3763213530655391,1,1,24,"tags=33%, list=21%, signal=31%",Pik3c2a/Ap1g1/Snx3/Rps6kb1/Snx9/Gja1,CAST-biased
GO:0044238,primary metabolic process,85,-0.33741553749898856,-1.0957929052543285,0.3710819009100101,1,1,22,"tags=22%, list=19%, signal=71%",Snx3/Tut7/Lrrk1/Rps6kb1/Gns/Dcaf10/Srrm1/Glis3/Ptbp3/Cdc73/Adcy9/Ppp2r5c/Ctnnd1/Rnf150/Snx9/Gja1/Mga/Timp3/Senp6,CAST-biased
GO:0009056,catabolic process,34,-0.3273474342136968,-1.0930743507708411,0.3656565656565657,1,1,33,"tags=35%, list=29%, signal=36%",Tlk2/Smad3/Ube2w/Pik3c2a/Snx3/Tut7/Gns/Ppp2r5c/Rnf150/Snx9/Gja1/Timp3,CAST-biased
GO:0043170,macromolecule metabolic process,80,-0.3271369375017286,-1.0807136356819091,0.3845381526104418,1,1,22,"tags=22%, list=19%, signal=61%",Snx3/Tut7/Lrrk1/Rps6kb1/Gns/Dcaf10/Srrm1/Glis3/Ptbp3/Cdc73/Ppp2r5c/Ctnnd1/Rnf150/Snx9/Gja1/Mga/Timp3/Senp6,CAST-biased
GO:0044087,regulation of cellular component biogenesis,15,-0.36750535090904124,-1.061040208114926,0.4047362755651238,1,1,8,"tags=60%, list=7%, signal=64%",Lrrk2/Ppp2ca/Ccdc88a/Slit2/Arhgap18/Smad3/Snx9/Gja1/Senp6,CAST-biased
GO:0001816,cytokine production,11,0.27184466019417475,1.0521782839683425,0.41,1,1,86,"tags=100%, list=75%, signal=27%",Ppara/Hdac9/Dlg1/Fabp4/Il6ra/Atf2/Dicer1/Lrrk2/Il15/Tank/Smad3,BL6-biased
GO:0050794,regulation of cellular process,90,-0.33218621118571123,-1.0479689856379801,0.4311740890688259,1,1,31,"tags=29%, list=27%, signal=100%",Arhgap18/Smad3/Ube2w/Apbb1ip/Tns3/Ralgapb/Smchd1/Pik3c2a/Ap1g1/Snx3/Tut7/Lrrk1/Rps6kb1/Srrm1/Glis3/Ptbp3/Cdc73/Adcy9/Ppp2r5c/Ctnnd1/Snx9/Gja1/Mga/Timp3/Armh3/Senp6,CAST-biased
GO:0044057,regulation of system process,10,-0.39879630410640576,-1.0462514479981504,0.4345372460496614,1,1,39,"tags=50%, list=34%, signal=36%",Tbxas1/Epas1/Smad3/Rps6kb1/Gja1,CAST-biased
GO:0043632,modification-dependent macromolecule catabolic process,12,-0.37956822879084096,-1.0356826738396523,0.4450610432852386,1,1,33,"tags=42%, list=29%, signal=33%",Tlk2/Ube2w/Tut7/Ppp2r5c/Rnf150,CAST-biased
GO:0044093,positive regulation of molecular function,14,-0.36093758213849125,-1.0297226170254072,0.455930359085963,1,1,70,"tags=86%, list=61%, signal=38%",Ric1/Rgs6/Lrrk2/Mapk8ip3/Ppp2ca/Tank/Ccdc88a/Atp1b3/Arid5b/Tns3/Ralgapb/Snx9,CAST-biased
GO:0008152,metabolic process,88,-0.32044569855617444,-1.0263520145423828,0.45592705167173253,1,1,22,"tags=22%, list=19%, signal=76%",Snx3/Tut7/Lrrk1/Rps6kb1/Gns/Dcaf10/Srrm1/Glis3/Ptbp3/Cdc73/Adcy9/Ppp2r5c/Ctnnd1/Rnf150/Snx9/Gja1/Mga/Timp3/Senp6,CAST-biased
GO:0007017,microtubule-based process,12,-0.37543790388341924,-1.024412747593264,0.45394006659267483,1,1,7,"tags=17%, list=6%, signal=17%",Gja1/Senp6,CAST-biased
GO:0000122,negative regulation of transcription by RNA polymerase II,11,-0.38092114306919794,-1.022727284855754,0.4556541019955654,1,1,40,"tags=45%, list=35%, signal=33%",Arid5b/Epas1/Smad3/Glis3/Cdc73,CAST-biased
GO:0055085,transmembrane transport,12,-0.37472977815151653,-1.0224805691446939,0.4583795782463929,1,1,44,"tags=50%, list=39%, signal=34%",Abcc5/Slc28a2/Atp1b3/Pik3c2a/Rps6kb1/Gja1,CAST-biased
GO:0030155,regulation of cell adhesion,13,0.25742574257425743,1.0194113143931913,0.4367816091954023,1,1,88,"tags=100%, list=77%, signal=26%",Ppara/Nid1/Dlg1/Il6ra/Tmem131l/Myh9/Zmiz1/Arid2/Dicer1/Il6st/Il15/Smad3/Apbb1ip,BL6-biased
GO:0009895,negative regulation of catabolic process,10,-0.388003921796796,-1.017937380133153,0.4604966139954853,1,1,70,"tags=90%, list=61%, signal=38%",Ric1/Dicer1/Lrrk2/Cst3/Ppp2ca/Tlk2/Smad3/Snx3/Timp3,CAST-biased
GO:0051248,negative regulation of protein metabolic process,13,-0.36207926787432926,-1.0176571736275226,0.46994535519125685,1,1,59,"tags=69%, list=52%, signal=38%",Lrrk2/Ago2/Cst3/Slit2/Tlk2/Smad3/Snx3/Lrrk1/Timp3,CAST-biased
GO:1901135,carbohydrate derivative metabolic process,15,-0.35065437333023297,-1.0123890396001471,0.46932185145317545,1,1,59,"tags=67%, list=52%, signal=37%",Lrrk2/Ago2/Cst3/Ppp2ca/Il15/Abcc5/Pfkfb3/Galnt2/Gns/Adcy9,CAST-biased
GO:0002521,leukocyte differentiation,11,0.2610536144136481,1.0104114012807508,0.53,1,1,50,"tags=82%, list=44%, signal=51%",Vps54/Hdac9/Il6ra/Tmem131l/Atf2/Myh9/Zmiz1/Arid2/Dicer1,BL6-biased
GO:0065009,regulation of molecular function,21,-0.32231942459583784,-1.0086621003614624,0.4865702479338843,1,1,70,"tags=76%, list=61%, signal=36%",Ric1/Mapk1/Rgs6/Lrrk2/Mapk8ip3/Cst3/Ppp2ca/Tank/Ccdc88a/Atp1b3/Arid5b/Smad3/Tns3/Ralgapb/Snx9/Timp3,CAST-biased
GO:0007010,cytoskeleton organization,20,-0.3218687419518397,-0.9999440618669458,0.5005181347150259,1,1,8,"tags=15%, list=7%, signal=17%",Snx9/Gja1/Senp6,CAST-biased
GO:0043085,positive regulation of catalytic activity,10,-0.3802671475382873,-0.9976397715860092,0.49435665914221216,1,1,70,"tags=90%, list=61%, signal=38%",Ric1/Rgs6/Lrrk2/Mapk8ip3/Ppp2ca/Tank/Ccdc88a/Ralgapb/Snx9,CAST-biased
GO:0050790,regulation of catalytic activity,15,-0.34480514332802087,-0.9955014808108459,0.4930032292787944,1,1,59,"tags=80%, list=52%, signal=44%",Ric1/Rgs6/Lrrk2/Mapk8ip3/Cst3/Ppp2ca/Tank/Ccdc88a/Tns3/Ralgapb/Snx9/Timp3,CAST-biased
GO:0009605,response to external stimulus,20,-0.32035922552474405,-0.9952544732526195,0.5088082901554404,1,1,30,"tags=35%, list=26%, signal=31%",Smad3/Ube2w/Ap1g1/Snx3/Rps6kb1/Cdc73/Gja1,CAST-biased
GO:0031401,positive regulation of protein modification process,14,-0.34649001246100697,-0.9885049938291401,0.5038084874863983,1,1,61,"tags=71%, list=54%, signal=38%",Il6st/Lrrk2/Mapk8ip3/Ppp2ca/Il15/Tank/Ccdc88a/Lrrk1/Ctnnd1/Snx9,CAST-biased
GO:0048609,multicellular organismal reproductive process,13,-0.35140413042907215,-0.987653715367117,0.5158469945355191,1,1,33,"tags=38%, list=29%, signal=31%",Tlk2/Smchd1/Tut7/Rps6kb1/Gja1,CAST-biased
GO:0090066,regulation of anatomical structure size,10,-0.37601796789402475,-0.9864919492269842,0.5090293453724605,1,1,59,"tags=70%, list=52%, signal=37%",Lrrk2/Smurf1/Slit2/Tbxas1/Arhgap18/Snx9/Gja1,CAST-biased
GO:0010605,negative regulation of macromolecule metabolic process,33,-0.2946518217464293,-0.9815928474159954,0.5045592705167173,1,1,40,"tags=39%, list=35%, signal=36%",Arid5b/Epas1/Tlk2/Smad3/Smchd1/Snx3/Tut7/Lrrk1/Glis3/Ptbp3/Cdc73/Gja1/Timp3,CAST-biased
GO:0006811,monoatomic ion transport,10,-0.36904944460442923,-0.9682098650976317,0.5349887133182845,1,1,44,"tags=50%, list=39%, signal=34%",Abcc5/Atp1b3/Pik3c2a/Snx3/Gja1,CAST-biased
GO:0006812,monoatomic cation transport,10,-0.36904944460442923,-0.9682098650976317,0.5349887133182845,1,1,44,"tags=50%, list=39%, signal=34%",Abcc5/Atp1b3/Pik3c2a/Snx3/Gja1,CAST-biased
GO:0032880,regulation of protein localization,12,-0.3545803869351673,-0.967501322231251,0.5283018867924528,1,1,26,"tags=33%, list=23%, signal=29%",Ralgapb/Snx3/Ctnnd1/Gja1,CAST-biased
GO:0060341,regulation of cellular localization,12,-0.3545803869351673,-0.967501322231251,0.5283018867924528,1,1,26,"tags=33%, list=23%, signal=29%",Ralgapb/Snx3/Ctnnd1/Gja1,CAST-biased
GO:0051246,regulation of protein metabolic process,36,-0.2884214380225955,-0.9594860458780484,0.5333333333333333,1,1,62,"tags=61%, list=54%, signal=41%",Tspan5/Il6st/Lrrk2/Mapk8ip3/Ago2/Cst3/Smurf1/Ppp2ca/Il15/Tank/Ccdc88a/Slit2/Epas1/Tlk2/Smad3/Snx3/Lrrk1/Rps6kb1/Ctnnd1/Snx9/Gja1/Timp3,CAST-biased
GO:0019725,cellular homeostasis,10,0.2692307692307693,0.9581461894807749,0.5344827586206896,1,1,86,"tags=100%, list=75%, signal=27%",Vps54/Slc8a1/Rab7/Myh9/Mapk1/Atp13a3/Lrrk2/Atp1b3/Tbxas1/Smad3,BL6-biased
GO:0055082,intracellular chemical homeostasis,10,0.2692307692307693,0.9581461894807749,0.5344827586206896,1,1,86,"tags=100%, list=75%, signal=27%",Vps54/Slc8a1/Rab7/Myh9/Mapk1/Atp13a3/Lrrk2/Atp1b3/Tbxas1/Smad3,BL6-biased
GO:0051128,regulation of cellular component organization,32,-0.2883119391902261,-0.9581218392581038,0.5496957403651116,1,1,59,"tags=56%, list=52%, signal=38%",Lrrk2/Dync1i2/Ago2/Cst3/Smurf1/Ppp2ca/Il15/Ccdc88a/Slit2/Tlk2/Arhgap18/Smad3/Snx3/Cdc73/Snx9/Gja1/Armh3/Senp6,CAST-biased
GO:0009892,negative regulation of metabolic process,36,-0.28238901025222934,-0.9394180845360759,0.5646464646464646,1,1,56,"tags=56%, list=49%, signal=41%",Lrrk2/Ago2/Cst3/Ppp2ca/Il15/Pou2f1/Slit2/Arid5b/Epas1/Tlk2/Smad3/Smchd1/Snx3/Tut7/Lrrk1/Glis3/Ptbp3/Cdc73/Gja1/Timp3,CAST-biased
GO:0003006,developmental process involved in reproduction,14,-0.32891489193444085,-0.9383647479840604,0.5723612622415669,1,1,40,"tags=43%, list=35%, signal=32%",Arid5b/Tlk2/Smchd1/Tut7/Rps6kb1/Gja1,CAST-biased
GO:0006952,defense response,17,-0.31431063108290413,-0.9366273157982727,0.575531914893617,1,1,30,"tags=59%, list=26%, signal=51%",Lrrk2/Cst3/Ppp2ca/Il15/Smad3/Ube2w/Ap1g1/Snx3/Rps6kb1/Gja1,CAST-biased
GO:0003008,system process,17,-0.3138315367133611,-0.9351996425699981,0.5776595744680851,1,1,45,"tags=47%, list=39%, signal=33%",Slit2/Arid5b/Tbxas1/Epas1/Sobp/Smad3/Rps6kb1/Gja1,CAST-biased
GO:0006338,chromatin remodeling,12,-0.34032558608358443,-0.9286059428470232,0.58157602663707,1,1,33,"tags=42%, list=29%, signal=33%",Tlk2/Smchd1/Tut7/Lrrk1/Rps6kb1,CAST-biased
GO:0019222,regulation of metabolic process,60,-0.2746950650399627,-0.9273114409229416,0.61,1,1,25,"tags=25%, list=22%, signal=41%",Smchd1/Pik3c2a/Snx3/Tut7/Lrrk1/Rps6kb1/Srrm1/Glis3/Ptbp3/Cdc73/Ctnnd1/Snx9/Gja1/Mga/Timp3,CAST-biased
GO:0001934,positive regulation of protein phosphorylation,13,-0.3290718502041688,-0.9248867822926142,0.585792349726776,1,1,61,"tags=69%, list=54%, signal=36%",Il6st/Lrrk2/Mapk8ip3/Ppp2ca/Il15/Ccdc88a/Lrrk1/Ctnnd1/Snx9,CAST-biased
GO:0042327,positive regulation of phosphorylation,13,-0.3290718502041688,-0.9248867822926142,0.585792349726776,1,1,61,"tags=69%, list=54%, signal=36%",Il6st/Lrrk2/Mapk8ip3/Ppp2ca/Il15/Ccdc88a/Lrrk1/Ctnnd1/Snx9,CAST-biased
GO:1902532,negative regulation of intracellular signal transduction,11,-0.3438490532964197,-0.9231931991083668,0.565410199556541,1,1,59,"tags=64%, list=52%, signal=34%",Lrrk2/Ppp2ca/Tank/Slit2/Ube2w/Tns3/Rps6kb1,CAST-biased
GO:0040011,locomotion,20,-0.2956765143031598,-0.9185731205772087,0.5813471502590674,1,1,78,"tags=85%, list=68%, signal=33%",Myh9/Spag9/Actr3/Ccar1/Arid2/Mapk1/Dicer1/Il6st/Lrrk2/Mapk8ip3/Ago2/Slit2/Arhgap18/Smad3/Pik3c2a/Rps6kb1/Gja1,CAST-biased
GO:0040012,regulation of locomotion,20,-0.2956765143031598,-0.9185731205772087,0.5813471502590674,1,1,78,"tags=85%, list=68%, signal=33%",Myh9/Spag9/Actr3/Ccar1/Arid2/Mapk1/Dicer1/Il6st/Lrrk2/Mapk8ip3/Ago2/Slit2/Arhgap18/Smad3/Pik3c2a/Rps6kb1/Gja1,CAST-biased
GO:0010604,positive regulation of macromolecule metabolic process,42,-0.2725699818400869,-0.9180209570158975,0.5993975903614458,1,1,79,"tags=79%, list=69%, signal=38%",Mbtd1/Myh9/Zmiz1/Actr3/Ccar1/Arid2/Mapk1/Dicer1/Klf6/Il6st/Lrrk2/Mapk8ip3/Ago2/Cst3/Smurf1/Ppp2ca/Il15/Pou2f1/Tank/Ccdc88a/Arid5b/Epas1/Smad3/Smchd1/Tut7/Lrrk1/Rps6kb1/Glis3/Cdc73/Ctnnd1/Snx9/Gja1/Mga,CAST-biased
GO:0034097,response to cytokine,14,-0.32146363005882517,-0.91710696475949,0.602829162132753,1,1,74,"tags=86%, list=65%, signal=34%",Actr3/Mapk1/Dicer1/Klf6/Il6st/Il15/Tank/Slit2/Arid5b/Rps6kb1/Mga/Timp3,CAST-biased
GO:1901652,response to peptide,14,-0.32146363005882517,-0.91710696475949,0.602829162132753,1,1,74,"tags=86%, list=65%, signal=34%",Actr3/Mapk1/Dicer1/Klf6/Il6st/Il15/Tank/Slit2/Arid5b/Rps6kb1/Mga/Timp3,CAST-biased
GO:0010648,negative regulation of cell communication,19,-0.299723903551731,-0.9154878305109159,0.5949367088607594,1,1,67,"tags=68%, list=59%, signal=34%",Rgs6/Dicer1/Il6st/Lrrk2/Smurf1/Ppp2ca/Tank/Slit2/Ube2w/Tns3/Rps6kb1/Ctnnd1/Gja1,CAST-biased
GO:0023057,negative regulation of signaling,19,-0.299723903551731,-0.9154878305109159,0.5949367088607594,1,1,67,"tags=68%, list=59%, signal=34%",Rgs6/Dicer1/Il6st/Lrrk2/Smurf1/Ppp2ca/Tank/Slit2/Ube2w/Tns3/Rps6kb1/Ctnnd1/Gja1,CAST-biased
GO:0051130,positive regulation of cellular component organization,16,-0.31041018155448175,-0.9139428834892204,0.5987193169690501,1,1,59,"tags=62%, list=52%, signal=35%",Lrrk2/Smurf1/Ppp2ca/Il15/Ccdc88a/Slit2/Smad3/Snx3/Snx9/Gja1,CAST-biased
GO:0050789,regulation of biological process,93,-0.29295985328092705,-0.9106665208915159,0.6097067745197169,1,1,31,"tags=28%, list=27%, signal=110%",Arhgap18/Smad3/Ube2w/Apbb1ip/Tns3/Ralgapb/Smchd1/Pik3c2a/Ap1g1/Snx3/Tut7/Lrrk1/Rps6kb1/Srrm1/Glis3/Ptbp3/Cdc73/Adcy9/Ppp2r5c/Ctnnd1/Snx9/Gja1/Mga/Timp3/Armh3/Senp6,CAST-biased
GO:0034654,nucleobase-containing compound biosynthetic process,37,-0.27260898367951003,-0.9091435000889876,0.6147623862487361,1,1,16,"tags=19%, list=14%, signal=24%",Srrm1/Glis3/Ptbp3/Cdc73/Adcy9/Gja1/Mga,CAST-biased
GO:0051247,positive regulation of protein metabolic process,23,-0.28641671679809266,-0.9070862305493783,0.6251287332646756,1,1,61,"tags=61%, list=54%, signal=35%",Il6st/Lrrk2/Mapk8ip3/Ago2/Smurf1/Ppp2ca/Il15/Tank/Ccdc88a/Lrrk1/Rps6kb1/Ctnnd1/Snx9/Gja1,CAST-biased
GO:0019538,protein metabolic process,54,-0.26338730437954905,-0.8943814009065246,0.654,1,1,63,"tags=57%, list=55%, signal=49%",Sel1l/Tspan5/Il6st/Lrrk2/Mapk8ip3/Ago2/Cst3/Smurf1/Ppp2ca/Il15/Wsb1/Tank/Ccdc88a/Slit2/Epas1/Galnt2/Tlk2/Smad3/Ube2w/Snx3/Lrrk1/Rps6kb1/Gns/Dcaf10/Ppp2r5c/Ctnnd1/Rnf150/Snx9/Gja1/Timp3/Senp6,CAST-biased
GO:0097435,supramolecular fiber organization,12,-0.3261402968744167,-0.8899002316126006,0.6226415094339622,1,1,55,"tags=58%, list=48%, signal=34%",Cst3/Ccdc88a/Slit2/Arhgap18/Smad3/Snx9/Gja1,CAST-biased
GO:0045785,positive regulation of cell adhesion,10,0.25,0.8897071759464338,0.6810344827586207,1,1,88,"tags=100%, list=77%, signal=25%",Nid1/Il6ra/Myh9/Zmiz1/Arid2/Dicer1/Il6st/Il15/Smad3/Apbb1ip,BL6-biased
GO:0009893,positive regulation of metabolic process,44,-0.2630094193450213,-0.8880090718877119,0.6422845691382766,1,1,79,"tags=77%, list=69%, signal=39%",Mbtd1/Myh9/Zmiz1/Actr3/Ccar1/Arid2/Mapk1/Dicer1/Klf6/Il6st/Lrrk2/Mapk8ip3/Ago2/Cst3/Smurf1/Ppp2ca/Il15/Pou2f1/Tank/Ccdc88a/Arid5b/Epas1/Smad3/Smchd1/Pik3c2a/Tut7/Lrrk1/Rps6kb1/Glis3/Cdc73/Ctnnd1/Snx9/Gja1/Mga,CAST-biased
GO:0045935,positive regulation of nucleobase-containing compound metabolic process,24,-0.2751608042466139,-0.8813439816309298,0.6499488229273286,1,1,79,"tags=83%, list=69%, signal=32%",Mbtd1/Zmiz1/Actr3/Ccar1/Arid2/Mapk1/Dicer1/Klf6/Ago2/Cst3/Ppp2ca/Pou2f1/Arid5b/Epas1/Smad3/Smchd1/Tut7/Glis3/Cdc73/Mga,CAST-biased
GO:2000145,regulation of cell motility,19,-0.2883551392521924,-0.8807626543042801,0.6381856540084389,1,1,78,"tags=84%, list=68%, signal=32%",Myh9/Spag9/Actr3/Ccar1/Arid2/Mapk1/Dicer1/Il6st/Mapk8ip3/Ago2/Slit2/Arhgap18/Smad3/Pik3c2a/Rps6kb1/Gja1,CAST-biased
GO:0048585,negative regulation of response to stimulus,21,-0.28140476721097063,-0.8806243182602509,0.6353305785123967,1,1,67,"tags=67%, list=59%, signal=34%",Rgs6/Dicer1/Il6st/Lrrk2/Smurf1/Ppp2ca/Tank/Slit2/Smad3/Ube2w/Tns3/Smchd1/Rps6kb1/Ctnnd1,CAST-biased
GO:0007154,cell communication,57,-0.2592945653282113,-0.8787973272718204,0.679037111334002,1,1,67,"tags=61%, list=59%, signal=51%",Rgs6/Dicer1/Klf6/Sel1l/Tspan5/Il6st/Lrrk2/Mapk8ip3/Smurf1/Ppp2ca/Fyb1/Arhgap15/Il15/Wsb1/Tank/Ccdc88a/Slit2/Arid5b/Plpp1/Tlk2/Arhgap18/Smad3/Ube2w/Apbb1ip/Tns3/Ralgapb/Pik3c2a/Snx3/Lrrk1/Rps6kb1/Cdc73/Adcy9/Ppp2r5c/Ctnnd1/Gja1,CAST-biased
GO:0007165,signal transduction,57,-0.2592945653282113,-0.8787973272718204,0.679037111334002,1,1,67,"tags=61%, list=59%, signal=51%",Rgs6/Dicer1/Klf6/Sel1l/Tspan5/Il6st/Lrrk2/Mapk8ip3/Smurf1/Ppp2ca/Fyb1/Arhgap15/Il15/Wsb1/Tank/Ccdc88a/Slit2/Arid5b/Plpp1/Tlk2/Arhgap18/Smad3/Ube2w/Apbb1ip/Tns3/Ralgapb/Pik3c2a/Snx3/Lrrk1/Rps6kb1/Cdc73/Adcy9/Ppp2r5c/Ctnnd1/Gja1,CAST-biased
GO:0023052,signaling,57,-0.2592945653282113,-0.8787973272718204,0.679037111334002,1,1,67,"tags=61%, list=59%, signal=51%",Rgs6/Dicer1/Klf6/Sel1l/Tspan5/Il6st/Lrrk2/Mapk8ip3/Smurf1/Ppp2ca/Fyb1/Arhgap15/Il15/Wsb1/Tank/Ccdc88a/Slit2/Arid5b/Plpp1/Tlk2/Arhgap18/Smad3/Ube2w/Apbb1ip/Tns3/Ralgapb/Pik3c2a/Snx3/Lrrk1/Rps6kb1/Cdc73/Adcy9/Ppp2r5c/Ctnnd1/Gja1,CAST-biased
GO:0045944,positive regulation of transcription by RNA polymerase II,14,-0.3051844096149148,-0.8706638058639308,0.6659412404787813,1,1,76,"tags=86%, list=67%, signal=33%",Zmiz1/Actr3/Arid2/Dicer1/Klf6/Ago2/Pou2f1/Epas1/Smad3/Glis3/Cdc73/Mga,CAST-biased
GO:0006325,chromatin organization,13,-0.3096529990545545,-0.8703083103131886,0.6557377049180327,1,1,33,"tags=38%, list=29%, signal=31%",Tlk2/Smchd1/Tut7/Lrrk1/Rps6kb1,CAST-biased
GO:0006629,lipid metabolic process,12,0.21568627450980393,0.8692325573150733,0.6237623762376238,1,1,92,"tags=100%, list=81%, signal=22%",Ppara/Vps54/Rab7/Pi4ka/Fabp4/Atf2/Mapk1/Sel1l/Il6st/Tbxas1/Plpp1/Pik3c2a,BL6-biased
GO:0016043,cellular component organization,60,-0.2573820008928191,-0.8688662611424331,0.7,1,1,33,"tags=30%, list=29%, signal=45%",Tlk2/Luc7l3/Arhgap18/Smad3/Tns3/Smchd1/Pik3c2a/Ap1g1/Snx3/Tut7/Lrrk1/Rps6kb1/Cdc73/Ppp2r5c/Snx9/Gja1/Armh3/Senp6,CAST-biased
GO:0071840,cellular component organization or biogenesis,60,-0.2573820008928191,-0.8688662611424331,0.7,1,1,33,"tags=30%, list=29%, signal=45%",Tlk2/Luc7l3/Arhgap18/Smad3/Tns3/Smchd1/Pik3c2a/Ap1g1/Snx3/Tut7/Lrrk1/Rps6kb1/Cdc73/Ppp2r5c/Snx9/Gja1/Armh3/Senp6,CAST-biased
GO:0060255,regulation of macromolecule metabolic process,59,-0.2567143375309882,-0.8683569245615602,0.692,1,1,22,"tags=22%, list=19%, signal=37%",Snx3/Tut7/Lrrk1/Rps6kb1/Srrm1/Glis3/Ptbp3/Cdc73/Ctnnd1/Snx9/Gja1/Mga/Timp3,CAST-biased
GO:0080090,regulation of primary metabolic process,59,-0.2567143375309882,-0.8683569245615602,0.692,1,1,22,"tags=22%, list=19%, signal=37%",Snx3/Tut7/Lrrk1/Rps6kb1/Srrm1/Glis3/Ptbp3/Cdc73/Ctnnd1/Snx9/Gja1/Mga/Timp3,CAST-biased
GO:0019953,sexual reproduction,14,-0.3042572127540413,-0.8680185962062951,0.6681175190424374,1,1,33,"tags=36%, list=29%, signal=29%",Tlk2/Smchd1/Tut7/Rps6kb1/Gja1,CAST-biased
GO:0006511,ubiquitin-dependent protein catabolic process,11,-0.3220084604141134,-0.864553843786199,0.6629711751662971,1,1,33,"tags=36%, list=29%, signal=29%",Tlk2/Ube2w/Ppp2r5c/Rnf150,CAST-biased
GO:0019941,modification-dependent protein catabolic process,11,-0.3220084604141134,-0.864553843786199,0.6629711751662971,1,1,33,"tags=36%, list=29%, signal=29%",Tlk2/Ube2w/Ppp2r5c/Rnf150,CAST-biased
GO:0015031,protein transport,15,-0.2990569157305702,-0.8634198422419913,0.682454251883746,1,1,23,"tags=27%, list=20%, signal=25%",Ap1g1/Snx3/Snx9/Gja1,CAST-biased
GO:0033036,macromolecule localization,30,-0.2608660947200002,-0.862661610881441,0.6761133603238867,1,1,63,"tags=60%, list=55%, signal=36%",Sel1l/Tspan5/Akap10/Lrrk2/Mapk8ip3/Smurf1/Fyb1/Ccdc88a/Slc28a2/Atp1b3/Eepd1/Ralgapb/Ap1g1/Snx3/Rps6kb1/Ctnnd1/Snx9/Gja1,CAST-biased
GO:0071345,cellular response to cytokine stimulus,13,-0.3062109085259944,-0.8606339974500719,0.6666666666666666,1,1,74,"tags=85%, list=65%, signal=34%",Actr3/Mapk1/Dicer1/Klf6/Il6st/Il15/Tank/Slit2/Arid5b/Rps6kb1/Mga,CAST-biased
GO:0065007,biological regulation,94,-0.2805213317533744,-0.860298066838492,0.671414038657172,1,1,31,"tags=28%, list=27%, signal=115%",Arhgap18/Smad3/Ube2w/Apbb1ip/Tns3/Ralgapb/Smchd1/Pik3c2a/Ap1g1/Snx3/Tut7/Lrrk1/Rps6kb1/Srrm1/Glis3/Ptbp3/Cdc73/Adcy9/Ppp2r5c/Ctnnd1/Snx9/Gja1/Mga/Timp3/Armh3/Senp6,CAST-biased
GO:0008104,protein localization,26,-0.2649192495347221,-0.8595976671951104,0.6772216547497446,1,1,63,"tags=69%, list=55%, signal=40%",Ric1/Mapk1/Sel1l/Tspan5/Akap10/Lrrk2/Mapk8ip3/Smurf1/Fyb1/Ccdc88a/Slc28a2/Atp1b3/Ralgapb/Ap1g1/Snx3/Ctnnd1/Snx9/Gja1,CAST-biased
GO:0070727,cellular macromolecule localization,26,-0.2649192495347221,-0.8595976671951104,0.6772216547497446,1,1,63,"tags=69%, list=55%, signal=40%",Ric1/Mapk1/Sel1l/Tspan5/Akap10/Lrrk2/Mapk8ip3/Smurf1/Fyb1/Ccdc88a/Slc28a2/Atp1b3/Ralgapb/Ap1g1/Snx3/Ctnnd1/Snx9/Gja1,CAST-biased
GO:0002376,immune system process,29,-0.2604499000079441,-0.8550815768623339,0.6950354609929078,1,1,30,"tags=86%, list=26%, signal=85%",Il6ra/Tmem131l/Atf2/Myh9/Zmiz1/Actr3/Arid2/Mapk1/Dicer1/Il6st/Lrrk2/Ppp2ca/Fyb1/Il15/Slit2/Epas1/Smad3/Ube2w/Apbb1ip/Ap1g1/Snx3/Rps6kb1/Ptbp3/Cdc73/Gja1,CAST-biased
GO:0070925,organelle assembly,12,-0.313283974618449,-0.8548207144142786,0.6670366259711432,1,1,74,"tags=83%, list=65%, signal=33%",Actr3/Stard9/Dicer1/Lrrk2/Ago2/Smurf1/Ccdc88a/Tns3/Ap1g1/Senp6,CAST-biased
GO:0009888,tissue development,24,-0.2647975684323219,-0.8481503894688631,0.6867963152507677,1,1,19,"tags=21%, list=17%, signal=22%",Rps6kb1/Cdc73/Ctnnd1/Gja1/Timp3,CAST-biased
GO:0014706,striated muscle tissue development,10,-0.32309660558672987,-0.8476515152161701,0.6862302483069977,1,1,30,"tags=30%, list=26%, signal=24%",Smad3/Rps6kb1/Gja1,CAST-biased
GO:0045934,negative regulation of nucleobase-containing compound metabolic process,22,-0.26832063402833983,-0.8465290891753717,0.6865979381443299,1,1,40,"tags=36%, list=35%, signal=29%",Arid5b/Epas1/Smad3/Smchd1/Glis3/Ptbp3/Cdc73/Gja1,CAST-biased
GO:0007166,cell surface receptor signaling pathway,30,-0.25588994261145787,-0.8462059062849743,0.6993927125506073,1,1,69,"tags=67%, list=61%, signal=36%",Mapk1/Dicer1/Klf6/Sel1l/Tspan5/Il6st/Lrrk2/Smurf1/Fyb1/Il15/Tank/Ccdc88a/Slit2/Arid5b/Smad3/Snx3/Lrrk1/Rps6kb1/Cdc73/Ctnnd1,CAST-biased
GO:0006974,DNA damage response,12,-0.31010463652853637,-0.8461456327708795,0.6759156492785794,1,1,47,"tags=92%, list=41%, signal=60%",Atf2/Rbbp6/Mbtd1/Arid2/Mapk1/Tank/Eepd1/Tlk2/Ube2w/Smchd1/Ppp2r5c,CAST-biased
GO:0030334,regulation of cell migration,18,-0.2787768083384788,-0.844746261222095,0.7008456659619451,1,1,78,"tags=83%, list=68%, signal=31%",Myh9/Spag9/Actr3/Ccar1/Arid2/Mapk1/Dicer1/Il6st/Mapk8ip3/Ago2/Slit2/Smad3/Pik3c2a/Rps6kb1/Gja1,CAST-biased
GO:0006897,endocytosis,10,-0.32153836246456124,-0.8435634278740489,0.6884875846501128,1,1,24,"tags=30%, list=21%, signal=26%",Pik3c2a/Snx3/Snx9,CAST-biased
GO:0006468,protein phosphorylation,20,-0.27142457784396956,-0.843230048416538,0.6756476683937824,1,1,69,"tags=70%, list=61%, signal=34%",Mapk1/Dicer1/Il6st/Lrrk2/Mapk8ip3/Ppp2ca/Il15/Ccdc88a/Slit2/Tlk2/Lrrk1/Rps6kb1/Ctnnd1/Snx9,CAST-biased
GO:0016310,phosphorylation,20,-0.27142457784396956,-0.843230048416538,0.6756476683937824,1,1,69,"tags=70%, list=61%, signal=34%",Mapk1/Dicer1/Il6st/Lrrk2/Mapk8ip3/Ppp2ca/Il15/Ccdc88a/Slit2/Tlk2/Lrrk1/Rps6kb1/Ctnnd1/Snx9,CAST-biased
GO:0002684,positive regulation of immune system process,10,-0.3212903745578168,-0.8429128257901134,0.6884875846501128,1,1,76,"tags=90%, list=67%, signal=33%",Zmiz1/Arid2/Mapk1/Il6st/Lrrk2/Ppp2ca/Fyb1/Il15/Ap1g1,CAST-biased
GO:0009968,negative regulation of signal transduction,18,-0.277524808442071,-0.8409524656124658,0.7029598308668076,1,1,67,"tags=67%, list=59%, signal=33%",Rgs6/Dicer1/Il6st/Lrrk2/Smurf1/Ppp2ca/Tank/Slit2/Ube2w/Tns3/Rps6kb1/Ctnnd1,CAST-biased
GO:0045597,positive regulation of cell differentiation,14,-0.29468855959112167,-0.8407200851508588,0.7007616974972797,1,1,77,"tags=86%, list=68%, signal=32%",Spag9/Zmiz1/Actr3/Arid2/Rgs6/Dicer1/Il6st/Mapk8ip3/Smurf1/Il15/Smad3/Gja1,CAST-biased
GO:0048584,positive regulation of response to stimulus,29,-0.25524668687667706,-0.8379989375950547,0.7223910840932117,1,1,79,"tags=79%, list=69%, signal=33%",Mbtd1/Myh9/Spag9/Zmiz1/Arid2/Mapk1/Tspan5/Il6st/Lrrk2/Mapk8ip3/Ppp2ca/Fyb1/Il15/Ccdc88a/Slit2/Smad3/Tns3/Smchd1/Ap1g1/Lrrk1/Rps6kb1/Cdc73/Gja1,CAST-biased
GO:0098657,import into cell,15,-0.28889318772096184,-0.8340757141745677,0.7222820236813778,1,1,24,"tags=27%, list=21%, signal=24%",Pik3c2a/Snx3/Rps6kb1/Snx9,CAST-biased
GO:0065008,regulation of biological quality,30,-0.25214807377964377,-0.8338318697217921,0.7206477732793523,1,1,61,"tags=57%, list=54%, signal=36%",Il6st/Lrrk2/Mapk8ip3/Ago2/Smurf1/Arhgap15/Slit2/Atp1b3/Tbxas1/Epas1/Arhgap18/Smad3/Tut7/Cdc73/Ctnnd1/Snx9/Gja1,CAST-biased
GO:0042592,homeostatic process,22,-0.26421753423140965,-0.833584153552105,0.7,1,1,53,"tags=68%, list=46%, signal=45%",Arid2/Mapk1/Atp13a3/Lrrk2/Ppp2ca/Il15/Slc28a2/Atp1b3/Tbxas1/Epas1/Smad3/Tns3/Lrrk1/Ptbp3/Gja1,CAST-biased
GO:0040008,regulation of growth,13,-0.29651483106063775,-0.8333822775529438,0.6863387978142077,1,1,30,"tags=31%, list=26%, signal=26%",Smad3/Rps6kb1/Cdc73/Gja1,CAST-biased
GO:0098609,cell-cell adhesion,12,0.2065025546468796,0.8322214479143586,0.6732673267326733,1,1,71,"tags=92%, list=62%, signal=39%",Ppara/Dlg1/Golph3/Il6ra/Tmem131l/Myh9/Zmiz1/Arid2/Il6st/Il15/Slit2,BL6-biased
GO:0031399,regulation of protein modification process,20,-0.26711137894539244,-0.8298303078883678,0.6974093264248704,1,1,69,"tags=70%, list=61%, signal=34%",Mapk1/Dicer1/Il6st/Lrrk2/Mapk8ip3/Ppp2ca/Il15/Tank/Ccdc88a/Slit2/Epas1/Lrrk1/Ctnnd1/Snx9,CAST-biased
GO:0051094,positive regulation of developmental process,20,-0.2669945225395055,-0.8294672721103387,0.6974093264248704,1,1,77,"tags=80%, list=68%, signal=31%",Spag9/Zmiz1/Actr3/Arid2/Mapk1/Rgs6/Dicer1/Il6st/Mapk8ip3/Ago2/Smurf1/Il15/Slit2/Smad3/Rps6kb1/Gja1,CAST-biased
GO:0048518,positive regulation of biological process,63,-0.24367463044996987,-0.8275321097616675,0.7397397397397397,1,1,79,"tags=73%, list=69%, signal=50%",Mbtd1/Myh9/Spag9/Zmiz1/Actr3/Ccar1/Arid2/Mapk1/Rgs6/Dicer1/Klf6/Tspan5/Il6st/Lrrk2/Mapk8ip3/Ago2/Cst3/Smurf1/Ppp2ca/Fyb1/Il15/Pou2f1/Tank/Ccdc88a/Slit2/Atp1b3/Arid5b/Tbxas1/Eepd1/Epas1/Smad3/Apbb1ip/Tns3/Smchd1/Pik3c2a/Ap1g1/Snx3/Tut7/Lrrk1/Rps6kb1/Glis3/Cdc73/Ctnnd1/Snx9/Gja1/Mga,CAST-biased
GO:0022008,neurogenesis,20,-0.2658776858403079,-0.8259976148249946,0.6984455958549223,1,1,77,"tags=80%, list=68%, signal=31%",Spag9/Zmiz1/Actr3/Mapk1/Rgs6/Dicer1/Il6st/Lrrk2/Mapk8ip3/Dync1i2/Smurf1/Ccdc88a/Slit2/Pfkfb3/Snx3/Gja1,CAST-biased
GO:0010558,negative regulation of macromolecule biosynthetic process,25,-0.25493987902702686,-0.8211833300446562,0.7196738022426096,1,1,49,"tags=44%, list=43%, signal=32%",Pou2f1/Slit2/Arid5b/Epas1/Smad3/Smchd1/Tut7/Glis3/Ptbp3/Cdc73/Gja1,CAST-biased
GO:0051668,localization within membrane,11,0.2120180547377637,0.8206186314086247,0.71,1,1,74,"tags=91%, list=65%, signal=35%",Rab7/Dlg1/Ppp2r5a/Golph3/Actr3/Tspan5/Smurf1/Fyb1/Ccdc88a/Atp1b3,BL6-biased
GO:0045595,regulation of cell differentiation,23,-0.25879112971040064,-0.8195955633207851,0.7260556127703398,1,1,77,"tags=78%, list=68%, signal=32%",Spag9/Zmiz1/Actr3/Arid2/Mapk1/Rgs6/Dicer1/Il6st/Lrrk2/Mapk8ip3/Smurf1/Ppp2ca/Il15/Slit2/Smad3/Ptbp3/Cdc73/Gja1,CAST-biased
GO:1901701,cellular response to oxygen-containing compound,14,-0.286780019843521,-0.8181577290850276,0.7236126224156693,1,1,30,"tags=29%, list=26%, signal=24%",Smad3/Rps6kb1/Cdc73/Gja1,CAST-biased
GO:0022607,cellular component assembly,28,-0.2505292251361566,-0.8168365953854426,0.7428571428571429,1,1,59,"tags=54%, list=52%, signal=34%",Lrrk2/Ago2/Smurf1/Ppp2ca/Wsb1/Ccdc88a/Slit2/Luc7l3/Arhgap18/Smad3/Tns3/Ap1g1/Snx9/Gja1/Senp6,CAST-biased
GO:0044085,cellular component biogenesis,28,-0.2505292251361566,-0.8168365953854426,0.7428571428571429,1,1,59,"tags=54%, list=52%, signal=34%",Lrrk2/Ago2/Smurf1/Ppp2ca/Wsb1/Ccdc88a/Slit2/Luc7l3/Arhgap18/Smad3/Tns3/Ap1g1/Snx9/Gja1/Senp6,CAST-biased
GO:0045184,establishment of protein localization,16,-0.27724793962691385,-0.8163030610501845,0.7395944503735326,1,1,23,"tags=25%, list=20%, signal=23%",Ap1g1/Snx3/Snx9/Gja1,CAST-biased
GO:0051240,positive regulation of multicellular organismal process,23,-0.2570798998618792,-0.8141760715737544,0.733264675592173,1,1,76,"tags=78%, list=67%, signal=33%",Zmiz1/Actr3/Arid2/Mapk1/Dicer1/Klf6/Il6st/Lrrk2/Ago2/Smurf1/Il15/Tank/Slit2/Tbxas1/Epas1/Smad3/Rps6kb1/Gja1,CAST-biased
GO:0048870,cell motility,27,-0.2486538500850467,-0.8127605291540685,0.7357723577235772,1,1,78,"tags=78%, list=68%, signal=32%",Myh9/Spag9/Zmiz1/Actr3/Ccar1/Arid2/Mapk1/Dicer1/Il6st/Lrrk2/Mapk8ip3/Ago2/Ccdc88a/Slit2/Arid5b/Arhgap18/Smad3/Tns3/Pik3c2a/Rps6kb1/Gja1,CAST-biased
GO:0030154,cell differentiation,50,-0.23931119108078672,-0.8111422680919026,0.7678391959798995,1,1,61,"tags=54%, list=54%, signal=45%",Il6st/Lrrk2/Mapk8ip3/Dync1i2/Ago2/Smurf1/Ppp2ca/Il15/Ccdc88a/Slit2/Pfkfb3/Arid5b/Epas1/Tlk2/Smad3/Smchd1/Ap1g1/Snx3/Tut7/Lrrk1/Rps6kb1/Ptbp3/Cdc73/Ctnnd1/Gja1/Mga/Timp3,CAST-biased
GO:0048869,cellular developmental process,50,-0.23931119108078672,-0.8111422680919026,0.7678391959798995,1,1,61,"tags=54%, list=54%, signal=45%",Il6st/Lrrk2/Mapk8ip3/Dync1i2/Ago2/Smurf1/Ppp2ca/Il15/Ccdc88a/Slit2/Pfkfb3/Arid5b/Epas1/Tlk2/Smad3/Smchd1/Ap1g1/Snx3/Tut7/Lrrk1/Rps6kb1/Ptbp3/Cdc73/Ctnnd1/Gja1/Mga/Timp3,CAST-biased
GO:0060284,regulation of cell development,13,-0.28712724108294885,-0.80699759018889206,0.7213114754098361,1,1,76,"tags=85%, list=67%, signal=32%",Zmiz1/Actr3/Arid2/Dicer1/Il6st/Lrrk2/Smurf1/Il15/Slit2/Cdc73/Gja1,CAST-biased
GO:0009891,positive regulation of biosynthetic process,30,-0.24389958761207062,-0.8065548394419871,0.7560728744939271,1,1,88,"tags=90%, list=77%, signal=28%",Larp4/Qrich1/Il6ra/Atf2/Mbtd1/Myh9/Zmiz1/Actr3/Ccar1/Arid2/Mapk1/Dicer1/Klf6/Lrrk2/Ago2/Il15/Pou2f1/Tank/Arid5b/Epas1/Smad3/Rps6kb1/Glis3/Cdc73/Ctnnd1/Gja1/Mga,CAST-biased
GO:0010557,positive regulation of macromolecule biosynthetic process,30,-0.24389958761207062,-0.8065548394419871,0.7560728744939271,1,1,88,"tags=90%, list=77%, signal=28%",Larp4/Qrich1/Il6ra/Atf2/Mbtd1/Myh9/Zmiz1/Actr3/Ccar1/Arid2/Mapk1/Dicer1/Klf6/Lrrk2/Ago2/Il15/Pou2f1/Tank/Arid5b/Epas1/Smad3/Rps6kb1/Glis3/Cdc73/Ctnnd1/Gja1/Mga,CAST-biased
GO:0002682,regulation of immune system process,16,-0.2735459833570682,-0.8054033651353457,0.7556029882604055,1,1,76,"tags=81%, list=67%, signal=32%",Zmiz1/Arid2/Mapk1/Dicer1/Il6st/Lrrk2/Ppp2ca/Fyb1/Il15/Slit2/Smad3/Ap1g1/Cdc73,CAST-biased
GO:0035556,intracellular signal transduction,36,-0.24166303393535654,-0.8039357630806991,0.7595959595959596,1,1,59,"tags=53%, list=52%, signal=37%",Lrrk2/Mapk8ip3/Ppp2ca/Arhgap15/Wsb1/Tank/Ccdc88a/Slit2/Tlk2/Arhgap18/Smad3/Ube2w/Tns3/Ralgapb/Pik3c2a/Lrrk1/Rps6kb1/Adcy9/Ppp2r5c,CAST-biased
GO:0031347,regulation of defense response,10,-0.30495360404501837,-0.8000529255637856,0.7336343115124153,1,1,66,"tags=70%, list=58%, signal=32%",Dicer1/Lrrk2/Ppp2ca/Il15/Smad3/Ap1g1/Gja1,CAST-biased
GO:0030182,neuron differentiation,16,-0.2706446415839485,-0.7968609241212216,0.7662753468516542,1,1,77,"tags=81%, list=68%, signal=31%",Spag9/Zmiz1/Actr3/Rgs6/Dicer1/Lrrk2/Mapk8ip3/Dync1i2/Smurf1/Ccdc88a/Slit2/Snx3/Gja1,CAST-biased
GO:0048699,generation of neurons,16,-0.2706446415839485,-0.7968609241212216,0.7662753468516542,1,1,77,"tags=81%, list=68%, signal=31%",Spag9/Zmiz1/Actr3/Rgs6/Dicer1/Lrrk2/Mapk8ip3/Dync1i2/Smurf1/Ccdc88a/Slit2/Snx3/Gja1,CAST-biased
GO:0065003,protein-containing complex assembly,16,-0.27049835150445256,-0.7964302012099728,0.7662753468516542,1,1,59,"tags=56%, list=52%, signal=32%",Lrrk2/Ago2/Ppp2ca/Slit2/Luc7l3/Arhgap18/Tns3/Snx9/Senp6,CAST-biased
GO:0051716,cellular response to stimulus,67,-0.2351821342210575,-0.795324176409739,0.7837837837837838,1,1,67,"tags=60%, list=59%, signal=60%",Rgs6/Dicer1/Klf6/Sel1l/Tspan5/Il6st/Lrrk2/Mapk8ip3/Cst3/Smurf1/Ppp2ca/Fyb1/Arhgap15/Il15/Wsb1/Tank/Ccdc88a/Slit2/Arid5b/Eepd1/Epas1/Plpp1/Tlk2/Arhgap18/Smad3/Ube2w/Apbb1ip/Tns3/Ralgapb/Smchd1/Pik3c2a/Ap1g1/Snx3/Lrrk1/Rps6kb1/Cdc73/Adcy9/Ppp2r5c/Ctnnd1/Gja1,CAST-biased
GO:0006886,intracellular protein transport,12,-0.2906984966544044,-0.793194407380457,0.7513873473917869,1,1,70,"tags=75%, list=61%, signal=32%",Ric1/Mapk1/Sel1l/Lrrk2/Mapk8ip3/Smurf1/Ap1g1/Snx3/Snx9,CAST-biased
GO:0060429,epithelium development,11,-0.2944891661155984,-0.7906678606866631,0.7494456762749445,1,1,45,"tags=73%, list=39%, signal=49%",Mapk1/Dicer1/Il6st/Slit2/Epas1/Smad3/Ctnnd1/Gja1,CAST-biased
GO:1901700,response to oxygen-containing compound,15,-0.2736168845480016,-0.7899708545915133,0.7621097954790097,1,1,45,"tags=40%, list=39%, signal=28%",Slit2/Tbxas1/Smad3/Rps6kb1/Cdc73/Gja1,CAST-biased
GO:0010646,regulation of cell communication,38,-0.23582769411271498,-0.78751964977490585,0.7757575757575758,1,1,31,"tags=29%, list=27%, signal=32%",Arhgap18/Smad3/Ube2w/Tns3/Ralgapb/Snx3/Lrrk1/Rps6kb1/Cdc73/Ctnnd1/Gja1,CAST-biased
GO:0023051,regulation of signaling,38,-0.23582769411271498,-0.78751964977490585,0.7757575757575758,1,1,31,"tags=29%, list=27%, signal=32%",Arhgap18/Smad3/Ube2w/Tns3/Ralgapb/Snx3/Lrrk1/Rps6kb1/Cdc73/Ctnnd1/Gja1,CAST-biased
GO:0060537,muscle tissue development,11,-0.29283819083681584,-0.7862351913666339,0.7572062084257206,1,1,30,"tags=27%, list=26%, signal=22%",Smad3/Rps6kb1/Gja1,CAST-biased
GO:0051254,positive regulation of RNA metabolic process,21,-0.24982300957471076,-0.7817927879221693,0.743801652892562,1,1,79,"tags=81%, list=69%, signal=30%",Mbtd1/Zmiz1/Actr3/Ccar1/Arid2/Mapk1/Dicer1/Klf6/Ago2/Pou2f1/Arid5b/Epas1/Smad3/Tut7/Glis3/Cdc73/Mga,CAST-biased
GO:0061061,muscle structure development,14,-0.27334757676780713,-0.7798361712272436,0.7714907508161044,1,1,40,"tags=36%, list=35%, signal=26%",Arid5b/Epas1/Smad3/Rps6kb1/Gja1,CAST-biased
GO:0008283,cell population proliferation,25,-0.24155517065503432,-0.7780700304128468,0.763506625891947,1,1,30,"tags=68%, list=26%, signal=64%",Ccar1/Arid2/Mapk1/Dicer1/Il6st/Lrrk2/Cst3/Il15/Ccdc88a/Slit2/Smad3/Tns3/Rps6kb1/Cdc73/Ppp2r5c/Gja1/Timp3,CAST-biased
GO:0042127,regulation of cell population proliferation,25,-0.24155517065503432,-0.7780700304128468,0.763506625891947,1,1,30,"tags=68%, list=26%, signal=64%",Ccar1/Arid2/Mapk1/Dicer1/Il6st/Lrrk2/Cst3/Il15/Ccdc88a/Slit2/Smad3/Tns3/Rps6kb1/Cdc73/Ppp2r5c/Gja1/Timp3,CAST-biased
GO:0016477,cell migration,26,-0.23818556203132119,-0.7728534405909407,0.7906026557711952,1,1,78,"tags=77%, list=68%, signal=31%",Myh9/Spag9/Zmiz1/Actr3/Ccar1/Arid2/Mapk1/Dicer1/Il6st/Lrrk2/Mapk8ip3/Ago2/Ccdc88a/Slit2/Arid5b/Smad3/Tns3/Pik3c2a/Rps6kb1/Gja1,CAST-biased
GO:0036211,protein modification process,37,-0.23047987842678672,-0.7686440870171614,0.7957532861476239,1,1,61,"tags=54%, list=54%, signal=37%",Il6st/Lrrk2/Mapk8ip3/Smurf1/Ppp2ca/Il15/Wsb1/Tank/Ccdc88a/Slit2/Epas1/Galnt2/Tlk2/Ube2w/Lrrk1/Rps6kb1/Dcaf10/Ctnnd1/Snx9/Senp6,CAST-biased
GO:0043412,macromolecule modification,37,-0.23047987842678672,-0.7686440870171614,0.7957532861476239,1,1,61,"tags=54%, list=54%, signal=37%",Il6st/Lrrk2/Mapk8ip3/Smurf1/Ppp2ca/Il15/Wsb1/Tank/Ccdc88a/Slit2/Epas1/Galnt2/Tlk2/Ube2w/Lrrk1/Rps6kb1/Dcaf10/Ctnnd1/Snx9/Senp6,CAST-biased
GO:0009889,regulation of biosynthetic process,44,-0.2273829757740559,-0.7677221058585167,0.814629258517034,1,1,21,"tags=20%, list=18%, signal=27%",Tut7/Rps6kb1/Srrm1/Glis3/Ptbp3/Cdc73/Ctnnd1/Gja1/Mga,CAST-biased
GO:0010468,regulation of gene expression,44,-0.2273829757740559,-0.7677221058585167,0.814629258517034,1,1,21,"tags=20%, list=18%, signal=27%",Tut7/Rps6kb1/Srrm1/Glis3/Ptbp3/Cdc73/Ctnnd1/Gja1/Mga,CAST-biased
GO:0010556,regulation of macromolecule biosynthetic process,44,-0.2273829757740559,-0.7677221058585167,0.814629258517034,1,1,21,"tags=20%, list=18%, signal=27%",Tut7/Rps6kb1/Srrm1/Glis3/Ptbp3/Cdc73/Ctnnd1/Gja1/Mga,CAST-biased
GO:0009719,response to endogenous stimulus,15,-0.265692938535043,-0.7670932956501689,0.7857911733046287,1,1,19,"tags=27%, list=17%, signal=26%",Smad3/Rps6kb1/Gja1/Timp3,CAST-biased
GO:0048646,anatomical structure formation involved in morphogenesis,15,-0.2656314349120438,-0.7669157259446244,0.7857911733046287,1,1,56,"tags=67%, list=49%, signal=39%",Mapk1/Dicer1/Ago2/Pou2f1/Slit2/Epas1/Smad3/Pik3c2a/Cdc73/Gja1,CAST-biased
GO:0090304,nucleic acid metabolic process,41,-0.2274487743574398,-0.7651886606080212,0.824773413897281,1,1,40,"tags=34%, list=35%, signal=35%",Arid5b/Eepd1/Epas1/Luc7l3/Smad3/Ube2w/Smchd1/Tut7/Srrm1/Glis3/Ptbp3/Cdc73/Gja1/Mga,CAST-biased
GO:0009890,negative regulation of biosynthetic process,26,-0.23519242707779422,-0.763141455417456,0.8018386108273748,1,1,49,"tags=42%, list=43%, signal=31%",Pou2f1/Slit2/Arid5b/Epas1/Smad3/Smchd1/Tut7/Glis3/Ptbp3/Cdc73/Gja1,CAST-biased
GO:0051603,proteolysis involved in protein catabolic process,12,-0.2785557733127644,-0.7600620026525184,0.7880133185349611,1,1,33,"tags=58%, list=29%, signal=46%",Sel1l/Lrrk2/Smurf1/Tlk2/Ube2w/Ppp2r5c/Rnf150,CAST-biased
GO:0071705,nitrogen compound transport,19,-0.24865902494269557,-0.7595133674163486,0.7890295358649789,1,1,70,"tags=68%, list=61%, signal=32%",Ric1/Mapk1/Atp13a3/Sel1l/Lrrk2/Mapk8ip3/Smurf1/Abcc5/Slc28a2/Ap1g1/Snx3/Snx9/Gja1,CAST-biased
GO:0019219,regulation of nucleobase-containing compound metabolic process,35,-0.22752866674338248,-0.7590665822108478,0.8123107971745711,1,1,25,"tags=23%, list=22%, signal=26%",Smchd1/Tut7/Srrm1/Glis3/Ptbp3/Cdc73/Gja1/Mga,CAST-biased
GO:0048666,neuron development,15,-0.26249228171115885,-0.7578525442594252,0.7976318622174381,1,1,77,"tags=80%, list=68%, signal=30%",Spag9/Zmiz1/Actr3/Dicer1/Lrrk2/Mapk8ip3/Dync1i2/Smurf1/Ccdc88a/Slit2/Snx3/Gja1,CAST-biased
GO:0016192,vesicle-mediated transport,16,-0.25736648945119733,-0.7577659672907375,0.7993596584845251,1,1,24,"tags=25%, list=21%, signal=23%",Pik3c2a/Ap1g1/Snx3/Snx9,CAST-biased
GO:0010562,positive regulation of phosphorus metabolic process,15,-0.26239652640768724,-0.7575760850816953,0.7976318622174381,1,1,61,"tags=60%, list=54%, signal=32%",Il6st/Lrrk2/Mapk8ip3/Ppp2ca/Il15/Ccdc88a/Lrrk1/Ctnnd1/Snx9,CAST-biased
GO:0045937,positive regulation of phosphate metabolic process,15,-0.26239652640768724,-0.7575760850816953,0.7976318622174381,1,1,61,"tags=60%, list=54%, signal=32%",Il6st/Lrrk2/Mapk8ip3/Ppp2ca/Il15/Ccdc88a/Lrrk1/Ctnnd1/Snx9,CAST-biased
GO:0141187,nucleic acid biosynthetic process,36,-0.22621408921291064,-0.7525420560582451,0.8151515151515152,1,1,16,"tags=19%, list=14%, signal=24%",Tut7/Srrm1/Glis3/Ptbp3/Cdc73/Gja1/Mga,CAST-biased
GO:0048583,regulation of response to stimulus,46,-0.22194004077733687,-0.7498123017189353,0.8284854563691073,1,1,31,"tags=28%, list=27%, signal=34%",Arhgap18/Smad3/Ube2w/Tns3/Ralgapb/Smchd1/Ap1g1/Snx3/Lrrk1/Rps6kb1/Cdc73/Ctnnd1/Gja1,CAST-biased
GO:0040017,positive regulation of locomotion,15,-0.2588952013696541,-0.7474672618010455,0.8127018299246501,1,1,77,"tags=80%, list=68%, signal=30%",Spag9/Actr3/Ccar1/Mapk1/Dicer1/Il6st/Mapk8ip3/Ago2/Slit2/Smad3/Pik3c2a/Rps6kb1,CAST-biased
GO:0006139,nucleobase-containing compound metabolic process,46,-0.22057463472149796,-0.7451993519604162,0.8365095285857572,1,1,41,"tags=35%, list=36%, signal=37%",Pfkfb3/Arid5b/Eepd1/Epas1/Luc7l3/Smad3/Ube2w/Smchd1/Tut7/Srrm1/Glis3/Ptbp3/Cdc73/Adcy9/Gja1/Mga,CAST-biased
GO:0048523,negative regulation of cellular process,60,-0.2207267792081717,-0.7451261188402944,0.846,1,1,30,"tags=27%, list=26%, signal=41%",Smad3/Ube2w/Tns3/Smchd1/Pik3c2a/Snx3/Tut7/Lrrk1/Rps6kb1/Glis3/Ptbp3/Cdc73/Ppp2r5c/Ctnnd1/Gja1/Timp3,CAST-biased
GO:0032101,regulation of response to external stimulus,11,-0.27707913612274776,-0.7439240318711258,0.8104212860310421,1,1,69,"tags=73%, list=61%, signal=32%",Mapk1/Dicer1/Lrrk2/Ppp2ca/Il15/Slit2/Smad3/Ap1g1,CAST-biased
GO:0045893,positive regulation of DNA-templated transcription,20,-0.23846026810058757,-0.7408203966387659,0.7865284974093264,1,1,79,"tags=80%, list=69%, signal=30%",Mbtd1/Zmiz1/Actr3/Ccar1/Arid2/Mapk1/Dicer1/Klf6/Ago2/Pou2f1/Arid5b/Epas1/Smad3/Glis3/Cdc73/Mga,CAST-biased
GO:1902680,positive regulation of RNA biosynthetic process,20,-0.23846026810058757,-0.7408203966387659,0.7865284974093264,1,1,79,"tags=80%, list=69%, signal=30%",Mbtd1/Zmiz1/Actr3/Ccar1/Arid2/Mapk1/Dicer1/Klf6/Ago2/Pou2f1/Arid5b/Epas1/Smad3/Glis3/Cdc73/Mga,CAST-biased
GO:0010647,positive regulation of cell communication,21,-0.2365169654340438,-0.7401530311893671,0.7902892561983471,1,1,30,"tags=76%, list=26%, signal=69%",Myh9/Spag9/Zmiz1/Mapk1/Tspan5/Il6st/Lrrk2/Mapk8ip3/Ppp2ca/Ccdc88a/Smad3/Tns3/Lrrk1/Rps6kb1/Cdc73/Gja1,CAST-biased
GO:0023056,positive regulation of signaling,21,-0.2365169654340438,-0.7401530311893671,0.7902892561983471,1,1,30,"tags=76%, list=26%, signal=69%",Myh9/Spag9/Zmiz1/Mapk1/Tspan5/Il6st/Lrrk2/Mapk8ip3/Ppp2ca/Ccdc88a/Smad3/Tns3/Lrrk1/Rps6kb1/Cdc73/Gja1,CAST-biased
GO:0006915,apoptotic process,19,-0.24186476770148196,-0.7387607355842392,0.8111814345991561,1,1,19,"tags=68%, list=17%, signal=68%",Ccar1/Mapk1/Dicer1/Il6st/Lrrk2/Mapk8ip3/Slit2/Pfkfb3/Smad3/Rps6kb1/Cdc73/Ppp2r5c/Gja1,CAST-biased
GO:0008219,cell death,19,-0.24186476770148196,-0.7387607355842392,0.8111814345991561,1,1,19,"tags=68%, list=17%, signal=68%",Ccar1/Mapk1/Dicer1/Il6st/Lrrk2/Mapk8ip3/Slit2/Pfkfb3/Smad3/Rps6kb1/Cdc73/Ppp2r5c/Gja1,CAST-biased
GO:0012501,programmed cell death,19,-0.24186476770148196,-0.7387607355842392,0.8111814345991561,1,1,19,"tags=68%, list=17%, signal=68%",Ccar1/Mapk1/Dicer1/Il6st/Lrrk2/Mapk8ip3/Slit2/Pfkfb3/Smad3/Rps6kb1/Cdc73/Ppp2r5c/Gja1,CAST-biased
GO:0022414,reproductive process,18,-0.24299419561704988,-0.7363182018962824,0.8086680761099366,1,1,78,"tags=78%, list=68%, signal=29%",Myh9/Zmiz1/Actr3/Mapk1/Dicer1/Lrrk2/Ago2/Ppp2ca/Arid5b/Tlk2/Smchd1/Tut7/Rps6kb1/Gja1,CAST-biased
GO:0043687,post-translational protein modification,15,-0.2544142070720467,-0.7345299940569578,0.8213132400430571,1,1,59,"tags=53%, list=52%, signal=30%",Lrrk2/Smurf1/Wsb1/Tank/Epas1/Ube2w/Dcaf10/Senp6,CAST-biased
GO:0070647,protein modification by small protein conjugation or removal,15,-0.2544142070720467,-0.7345299940569578,0.8213132400430571,1,1,59,"tags=53%, list=52%, signal=30%",Lrrk2/Smurf1/Wsb1/Tank/Epas1/Ube2w/Dcaf10/Senp6,CAST-biased
GO:0009967,positive regulation of signal transduction,19,-0.23925318642053417,-0.73078382465799685,0.8248945147679325,1,1,62,"tags=58%, list=54%, signal=32%",Tspan5/Il6st/Lrrk2/Mapk8ip3/Ppp2ca/Ccdc88a/Smad3/Tns3/Lrrk1/Rps6kb1/Cdc73,CAST-biased
GO:0048522,positive regulation of cellular process,60,-0.2153820049517621,-0.7270833108400926,0.86,1,1,79,"tags=72%, list=69%, signal=46%",Mbtd1/Myh9/Spag9/Zmiz1/Actr3/Ccar1/Arid2/Mapk1/Rgs6/Dicer1/Klf6/Tspan5/Il6st/Lrrk2/Mapk8ip3/Ago2/Cst3/Smurf1/Ppp2ca/Il15/Pou2f1/Tank/Ccdc88a/Slit2/Atp1b3/Arid5b/Epas1/Smad3/Apbb1ip/Tns3/Smchd1/Pik3c2a/Ap1g1/Snx3/Tut7/Lrrk1/Rps6kb1/Glis3/Cdc73/Ctnnd1/Snx9/Gja1/Mga,CAST-biased
GO:0032502,developmental process,67,-0.21499787448729094,-0.7270663140412087,0.8438438438438438,1,1,59,"tags=51%, list=52%, signal=59%",Lrrk2/Mapk8ip3/Dync1i2/Ago2/Cst3/Smurf1/Ppp2ca/Arhgap15/Il15/Pou2f1/Ccdc88a/Slit2/Pfkfb3/Arid5b/Epas1/Sobp/Tlk2/Arhgap18/Smad3/Tns3/Smchd1/Pik3c2a/Ap1g1/Snx3/Tut7/Lrrk1/Rps6kb1/Ptbp3/Cdc73/Adcy9/Ctnnd1/Gja1/Mga/Timp3,CAST-biased
GO:0031175,neuron projection development,14,-0.2545814582897472,-0.7262981148238454,0.8280739934711643,1,1,77,"tags=79%, list=68%, signal=29%",Spag9/Actr3/Dicer1/Lrrk2/Mapk8ip3/Dync1i2/Smurf1/Ccdc88a/Slit2/Snx3/Gja1,CAST-biased
GO:0051641,cellular localization,30,-0.21900228081099207,-0.7242215994144505,0.8421052631578947,1,1,63,"tags=73%, list=55%, signal=45%",Myh9/Spag9/Actr3/Ric1/Mapk1/Sel1l/Tspan5/Akap10/Lrrk2/Mapk8ip3/Dync1i2/Smurf1/Fyb1/Ccdc88a/Slc28a2/Atp1b3/Ralgapb/Ap1g1/Snx3/Ctnnd1/Snx9/Gja1,CAST-biased
GO:0043933,protein-containing complex organization,17,-0.24270939699326177,-0.7232598217934757,0.8287234042553191,1,1,32,"tags=71%, list=28%, signal=60%",Actr3/Arid2/Dicer1/Lrrk2/Ago2/Ppp2ca/Slit2/Luc7l3/Arhgap18/Tns3/Snx9/Senp6,CAST-biased
GO:0080134,regulation of response to stress,14,-0.2529926549715781,-0.7217654011589768,0.8313384113166485,1,1,71,"tags=71%, list=62%, signal=31%",Arid2/Mapk1/Dicer1/Lrrk2/Ppp2ca/Il15/Smad3/Smchd1/Ap1g1/Gja1,CAST-biased
GO:0030097,hemopoiesis,14,-0.2525936886353781,-0.7206271859102826,0.8313384113166485,1,1,20,"tags=86%, list=18%, signal=81%",Il6ra/Tmem131l/Atf2/Myh9/Zmiz1/Arid2/Dicer1/Il15/Epas1/Lrrk1/Ptbp3/Cdc73,CAST-biased
GO:0001932,regulation of protein phosphorylation,18,-0.23666484958457562,-0.7171390907328394,0.8255813953488372,1,1,69,"tags=67%, list=61%, signal=31%",Mapk1/Dicer1/Il6st/Lrrk2/Mapk8ip3/Ppp2ca/Il15/Ccdc88a/Slit2/Lrrk1/Ctnnd1/Snx9,CAST-biased
GO:0042325,regulation of phosphorylation,18,-0.23666484958457562,-0.7171390907328394,0.8255813953488372,1,1,69,"tags=67%, list=61%, signal=31%",Mapk1/Dicer1/Il6st/Lrrk2/Mapk8ip3/Ppp2ca/Il15/Ccdc88a/Slit2/Lrrk1/Ctnnd1/Snx9,CAST-biased
GO:0048519,negative regulation of biological process,61,-0.2120216080835102,-0.7162406580276185,0.871,1,1,30,"tags=26%, list=26%, signal=42%",Smad3/Ube2w/Tns3/Smchd1/Pik3c2a/Snx3/Tut7/Lrrk1/Rps6kb1/Glis3/Ptbp3/Cdc73/Ppp2r5c/Ctnnd1/Gja1/Timp3,CAST-biased
GO:0046907,intracellular transport,16,-0.24246741907839892,-0.7138985294714203,0.8441835645677694,1,1,70,"tags=69%, list=61%, signal=31%",Ric1/Mapk1/Sel1l/Lrrk2/Mapk8ip3/Dync1i2/Smurf1/Ccdc88a/Ap1g1/Snx3/Snx9,CAST-biased
GO:0051252,regulation of RNA metabolic process,31,-0.21505234609443982,-0.71226347260562906,0.8522267206477733,1,1,21,"tags=19%, list=18%, signal=22%",Tut7/Srrm1/Glis3/Ptbp3/Cdc73/Mga,CAST-biased
GO:0032501,multicellular organismal process,65,-0.21003299304582496,-0.711859058278085,0.8698698698698699,1,1,59,"tags=51%, list=52%, signal=57%",Lrrk2/Mapk8ip3/Dync1i2/Ago2/Cst3/Smurf1/Ppp2ca/Il15/Pou2f1/Tank/Ccdc88a/Slit2/Slc28a2/Pfkfb3/Arid5b/Tbxas1/Epas1/Sobp/Smad3/Apbb1ip/Tns3/Smchd1/Pik3c2a/Ap1g1/Snx3/Lrrk1/Rps6kb1/Ptbp3/Cdc73/Adcy9/Ctnnd1/Gja1/Timp3,CAST-biased
GO:0009987,cellular process,111,0.28532839209116156,0.7102356629754377,0.8532608695652174,1,1,111,"tags=98%, list=97%, signal=98%",Shoc2/Lyve1/Ppara/Luc7l2/Vps54/Nid1/Slc8a1/Rapgef5/Fbxw11/Rab7/Wwc2/Hdac9/Pi4ka/Dlg1/Hecw2/Fabp4/Agfg1/Sbf2/Ppp2r5a/Setd5/Fbxl17/Ubr3/Nt5c2/Tsc22d2/Golph3/Zmym2/Gda/Larp4/Qrich1/Cpsf7/Il6ra/Tmem131l/Atf2/Kcng2/Clint1/Rbbp6/Mbtd1/Myh9/Spag9/Zmiz1/Actr3/Stard9/Ccar1/Arid2/Ric1/Mapk1/Atp13a3/Rgs6/Dicer1/Trappc8/Klf6/Sel1l/Tspan5/Il6st/Akap10/Lrrk2/Mapk8ip3/Dync1i2/Ago2/Cst3/Smurf1/Ppp2ca/Fyb1/Arhgap15/Il15/Pou2f1/Wsb1/Tank/Ccdc88a/Slit2/Abcc5/Slc28a2/Atp1b3/Pfkfb3/Arid5b/Tbxas1/Eepd1/Epas1/Plpp1/Galnt2/Tlk2/Luc7l3/Arhgap18/Smad3/Ube2w/Apbb1ip/Tns3/Ralgapb/Smchd1/Pik3c2a/Ap1g1/Snx3/Tut7/Lrrk1/Rps6kb1/Gns/Dcaf10/Srrm1/Glis3/Ptbp3/Cdc73/Adcy9/Ppp2r5c/Ctnnd1/Rnf150/Snx9/Gja1/Mga/Timp3,BL6-biased
GO:1902531,regulation of intracellular signal transduction,23,-0.22329313625907604,-0.7071728617697178,0.835221421215242,1,1,59,"tags=52%, list=52%, signal=32%",Lrrk2/Mapk8ip3/Ppp2ca/Tank/Ccdc88a/Slit2/Arhgap18/Ube2w/Tns3/Ralgapb/Lrrk1/Rps6kb1,CAST-biased
GO:0009058,biosynthetic process,59,-0.20869586614840174,-0.7059305773112949,0.875,1,1,50,"tags=42%, list=44%, signal=49%",Il15/Pou2f1/Tank/Slit2/Abcc5/Arid5b/Tbxas1/Epas1/Plpp1/Galnt2/Luc7l3/Smad3/Smchd1/Pik3c2a/Snx3/Tut7/Rps6kb1/Srrm1/Glis3/Ptbp3/Cdc73/Adcy9/Ctnnd1/Gja1/Mga,CAST-biased
GO:0001568,blood vessel development,13,-0.2508687180968055,-0.7050896675436384,0.8316939890710382,1,1,85,"tags=92%, list=75%, signal=27%",Il6ra/Atf2/Myh9/Zmiz1/Arid2/Mapk1/Dicer1/Ago2/Slit2/Epas1/Pik3c2a/Gja1,CAST-biased
GO:0001944,vasculature development,13,-0.2508687180968055,-0.7050896675436384,0.8316939890710382,1,1,85,"tags=92%, list=75%, signal=27%",Il6ra/Atf2/Myh9/Zmiz1/Arid2/Mapk1/Dicer1/Ago2/Slit2/Epas1/Pik3c2a/Gja1,CAST-biased
GO:0035295,tube development,18,-0.23244471619171952,-0.7043512913218306,0.8403805496828752,1,1,78,"tags=78%, list=68%, signal=29%",Myh9/Zmiz1/Arid2/Mapk1/Dicer1/Il6st/Mapk8ip3/Ago2/Slit2/Epas1/Smad3/Tns3/Pik3c2a/Gja1,CAST-biased
GO:0030335,positive regulation of cell migration,14,-0.24628547024595593,-0.7026304034465733,0.8476605005440696,1,1,77,"tags=79%, list=68%, signal=29%",Spag9/Actr3/Ccar1/Mapk1/Dicer1/Il6st/Mapk8ip3/Ago2/Smad3/Pik3c2a/Rps6kb1,CAST-biased
GO:2000147,positive regulation of cell motility,14,-0.24628547024595593,-0.7026304034465733,0.8476605005440696,1,1,77,"tags=79%, list=68%, signal=29%",Spag9/Actr3/Ccar1/Mapk1/Dicer1/Il6st/Mapk8ip3/Ago2/Smad3/Pik3c2a/Rps6kb1,CAST-biased
GO:0048513,animal organ development,34,-0.20982147322137926,-0.700633170289392,0.8696969696969697,1,1,59,"tags=50%, list=52%, signal=34%",Lrrk2/Mapk8ip3/Ppp2ca/Il15/Pou2f1/Slit2/Arid5b/Epas1/Sobp/Smad3/Tns3/Smchd1/Lrrk1/Rps6kb1/Ctnnd1/Gja1/Timp3,CAST-biased
GO:0048514,blood vessel morphogenesis,11,-0.2603745108790547,-0.6990741296515697,0.8580931263858093,1,1,83,"tags=91%, list=73%, signal=27%",Atf2/Myh9/Zmiz1/Arid2/Dicer1/Ago2/Slit2/Epas1/Pik3c2a/Gja1,CAST-biased
GO:0042110,T cell activation,13,-0.24846822374784583,-0.6983428568001993,0.8360655737704918,1,1,85,"tags=92%, list=75%, signal=27%",Il6ra/Tmem131l/Atf2/Myh9/Zmiz1/Arid2/Dicer1/Il6st/Il15/Smad3/Apbb1ip/Gja1,CAST-biased
GO:0044089,positive regulation of cellular component biogenesis,10,-0.2626839050064819,-0.6891573797171148,0.8442437923250564,1,1,53,"tags=50%, list=46%, signal=29%",Ppp2ca/Ccdc88a/Slit2/Smad3/Snx9,CAST-biased
GO:0009887,animal organ morphogenesis,18,-0.22634738877515673,-0.6858752402855671,0.8477801268498943,1,1,71,"tags=67%, list=62%, signal=30%",Arid2/Mapk1/Dicer1/Lrrk2/Mapk8ip3/Pou2f1/Slit2/Arid5b/Sobp/Smad3/Ctnnd1/Gja1,CAST-biased
GO:0006259,DNA metabolic process,12,-0.2502588051219919,-0.6828514316552179,0.8668146503884573,1,1,80,"tags=83%, list=70%, signal=28%",Rbbp6/Mbtd1/Arid2/Mapk1/Dicer1/Cst3/Eepd1/Ube2w/Smchd1/Gja1,CAST-biased
GO:0033554,cellular response to stress,22,-0.21635776014144437,-0.6825905815697199,0.8628865979381444,1,1,83,"tags=82%, list=73%, signal=28%",Atf2/Rbbp6/Mbtd1/Zmiz1/Arid2/Mapk1/Sel1l/Lrrk2/Mapk8ip3/Cst3/Tank/Eepd1/Epas1/Tlk2/Ube2w/Smchd1/Pik3c2a/Ppp2r5c,CAST-biased
GO:0010628,positive regulation of gene expression,15,-0.2343480731204151,-0.6765962118917813,0.8622174381054898,1,1,69,"tags=93%, list=61%, signal=42%",Larp4/Il6ra/Atf2/Myh9/Mapk1/Dicer1/Lrrk2/Ago2/Il15/Tank/Smad3/Rps6kb1/Ctnnd1/Gja1,CAST-biased
GO:0006357,regulation of transcription by RNA polymerase II,21,-0.21283565037904992,-0.6660450402960373,0.8667355371900827,1,1,76,"tags=71%, list=67%, signal=29%",Zmiz1/Actr3/Arid2/Mapk1/Dicer1/Klf6/Ago2/Ppp2ca/Pou2f1/Arid5b/Epas1/Smad3/Glis3/Cdc73/Mga,CAST-biased
GO:0006366,transcription by RNA polymerase II,21,-0.21283565037904992,-0.6660450402960373,0.8667355371900827,1,1,76,"tags=71%, list=67%, signal=29%",Zmiz1/Actr3/Arid2/Mapk1/Dicer1/Klf6/Ago2/Ppp2ca/Pou2f1/Arid5b/Epas1/Smad3/Glis3/Cdc73/Mga,CAST-biased
GO:0001775,cell activation,16,-0.2251165358893553,-0.6628122019113306,0.887940234791889,1,1,85,"tags=88%, list=75%, signal=26%",Il6ra/Tmem131l/Atf2/Myh9/Zmiz1/Arid2/Dicer1/Il6st/Lrrk2/Il15/Smad3/Apbb1ip/Ap1g1/Gja1,CAST-biased
GO:0045321,leukocyte activation,16,-0.2251165358893553,-0.6628122019113306,0.887940234791889,1,1,85,"tags=88%, list=75%, signal=26%",Il6ra/Tmem131l/Atf2/Myh9/Zmiz1/Arid2/Dicer1/Il6st/Lrrk2/Il15/Smad3/Apbb1ip/Ap1g1/Gja1,CAST-biased
GO:0009790,embryo development,21,-0.2107811764251082,-0.6596157969573239,0.8729338842975206,1,1,83,"tags=81%, list=73%, signal=27%",Atf2/Rbbp6/Mbtd1/Myh9/Zmiz1/Arid2/Mapk1/Dicer1/Mapk8ip3/Pou2f1/Slit2/Epas1/Sobp/Smad3/Cdc73/Adcy9/Gja1,CAST-biased
GO:0048856,anatomical structure development,62,-0.19446834532874238,-0.6593563802430815,0.908908908908909,1,1,59,"tags=50%, list=52%, signal=53%",Lrrk2/Mapk8ip3/Dync1i2/Ago2/Cst3/Smurf1/Ppp2ca/Arhgap15/Il15/Pou2f1/Ccdc88a/Slit2/Pfkfb3/Arid5b/Epas1/Sobp/Arhgap18/Smad3/Tns3/Smchd1/Pik3c2a/Snx3/Tut7/Lrrk1/Rps6kb1/Ptbp3/Cdc73/Adcy9/Ctnnd1/Gja1/Timp3,CAST-biased
GO:0048812,neuron projection morphogenesis,10,-0.25092473664607107,-0.6583069259951284,0.8747178329571106,1,1,77,"tags=80%, list=68%, signal=28%",Spag9/Actr3/Dicer1/Lrrk2/Mapk8ip3/Smurf1/Slit2/Gja1,CAST-biased
GO:0048858,cell projection morphogenesis,10,-0.25092473664607107,-0.6583069259951284,0.8747178329571106,1,1,77,"tags=80%, list=68%, signal=28%",Spag9/Actr3/Dicer1/Lrrk2/Mapk8ip3/Smurf1/Slit2/Gja1,CAST-biased
GO:0120039,plasma membrane bounded cell projection morphogenesis,10,-0.25092473664607107,-0.6583069259951284,0.8747178329571106,1,1,77,"tags=80%, list=68%, signal=28%",Spag9/Actr3/Dicer1/Lrrk2/Mapk8ip3/Smurf1/Slit2/Gja1,CAST-biased
GO:0048638,regulation of developmental growth,10,-0.2509221052063136,-0.6583000223512675,0.8747178329571106,1,1,19,"tags=70%, list=17%, signal=64%",Spag9/Actr3/Mapk1/Smurf1/Slit2/Rps6kb1/Gja1,CAST-biased
GO:0051253,negative regulation of RNA metabolic process,19,-0.21550471634854912,-0.6582456150373466,0.8839662447257384,1,1,15,"tags=32%, list=13%, signal=33%",Arid5b/Epas1/Smad3/Glis3/Ptbp3/Cdc73,CAST-biased
GO:0032446,protein modification by small protein conjugation,14,-0.2303442742465802,-0.6571515980372388,0.8824809575625681,1,1,59,"tags=50%, list=52%, signal=27%",Lrrk2/Smurf1/Wsb1/Epas1/Ube2w/Dcaf10/Senp6,CAST-biased
GO:0050896,response to stimulus,75,-0.1954686902732272,-0.6565107995461771,0.8988988988988988,1,1,55,"tags=47%, list=48%, signal=71%",Cst3/Smurf1/Ppp2ca/Fyb1/Arhgap15/Il15/Wsb1/Tank/Ccdc88a/Slit2/Arid5b/Tbxas1/Eepd1/Epas1/Plpp1/Tlk2/Arhgap18/Smad3/Ube2w/Apbb1ip/Tns3/Ralgapb/Smchd1/Pik3c2a/Ap1g1/Snx3/Lrrk1/Rps6kb1/Cdc73/Adcy9/Ppp2r5c/Ctnnd1/Gja1/Mga/Timp3,CAST-biased
GO:0051239,regulation of multicellular organismal process,30,-0.198222716074467,-0.6555053762185369,0.8947368421052632,1,1,76,"tags=70%, list=67%, signal=32%",Zmiz1/Actr3/Arid2/Mapk1/Dicer1/Klf6/Il6st/Lrrk2/Ago2/Cst3/Smurf1/Ppp2ca/Il15/Tank/Slit2/Tbxas1/Epas1/Smad3/Rps6kb1/Cdc73/Gja1,CAST-biased
GO:0006793,phosphorus metabolic process,31,-0.19770428116469727,-0.6548058666122488,0.902834008097166,1,1,61,"tags=52%, list=54%, signal=33%",Il6st/Lrrk2/Mapk8ip3/Ppp2ca/Il15/Ccdc88a/Slit2/Pfkfb3/Plpp1/Tlk2/Pik3c2a/Lrrk1/Rps6kb1/Adcy9/Ctnnd1/Snx9,CAST-biased
GO:0006796,phosphate-containing compound metabolic process,31,-0.19770428116469727,-0.6548058666122488,0.902834008097166,1,1,61,"tags=52%, list=54%, signal=33%",Il6st/Lrrk2/Mapk8ip3/Ppp2ca/Il15/Ccdc88a/Slit2/Pfkfb3/Plpp1/Tlk2/Pik3c2a/Lrrk1/Rps6kb1/Adcy9/Ctnnd1/Snx9,CAST-biased
GO:0009966,regulation of signal transduction,37,-0.1952554184251747,-0.6511714768985641,0.9130434782608695,1,1,31,"tags=59%, list=27%, signal=64%",Mapk1/Rgs6/Dicer1/Tspan5/Il6st/Lrrk2/Mapk8ip3/Smurf1/Ppp2ca/Tank/Ccdc88a/Slit2/Arhgap18/Smad3/Ube2w/Tns3/Ralgapb/Snx3/Lrrk1/Rps6kb1/Cdc73/Ctnnd1,CAST-biased
GO:2000026,regulation of multicellular organismal development,18,-0.21415156127884769,-0.6489195848226206,0.879492600422833,1,1,84,"tags=83%, list=74%, signal=26%",Tmem131l/Atf2/Zmiz1/Actr3/Arid2/Mapk1/Dicer1/Il6st/Ago2/Smurf1/Il15/Slit2/Smad3/Cdc73/Gja1,CAST-biased
GO:1902533,positive regulation of intracellular signal transduction,13,-0.230709039273164,-0.6484290310665833,0.8907103825136612,1,1,59,"tags=54%, list=52%, signal=29%",Lrrk2/Mapk8ip3/Ppp2ca/Ccdc88a/Tns3/Lrrk1/Rps6kb1,CAST-biased
GO:0051050,positive regulation of transport,11,-0.24080130014454326,-0.6465224216809257,0.9057649667405765,1,1,59,"tags=64%, list=52%, signal=34%",Mapk1/Lrrk2/Il15/Atp1b3/Eepd1/Ap1g1/Gja1,CAST-biased
GO:0009653,anatomical structure morphogenesis,34,-0.1931979796832093,-0.6451242140318753,0.9111111111111111,1,1,59,"tags=71%, list=52%, signal=49%",Myh9/Spag9/Zmiz1/Actr3/Arid2/Mapk1/Dicer1/Lrrk2/Mapk8ip3/Ago2/Cst3/Smurf1/Arhgap15/Pou2f1/Slit2/Arid5b/Epas1/Sobp/Arhgap18/Smad3/Pik3c2a/Cdc73/Ctnnd1/Gja1,CAST-biased
GO:0006950,response to stress,38,-0.19256940897754227,-0.6430635472476435,0.9171717171717172,1,1,80,"tags=74%, list=70%, signal=33%",Rbbp6/Mbtd1/Myh9/Zmiz1/Pvt1/Actr3/Arid2/Mapk1/Dicer1/Sel1l/Lrrk2/Mapk8ip3/Cst3/Ppp2ca/Il15/Tank/Eepd1/Epas1/Tlk2/Smad3/Ube2w/Smchd1/Pik3c2a/Ap1g1/Snx3/Rps6kb1/Ppp2r5c/Gja1,CAST-biased
GO:0051649,establishment of localization in cell,19,-0.2097843175826412,-0.6407730164431058,0.8987341772151899,1,1,78,"tags=74%, list=68%, signal=28%",Myh9/Spag9/Ric1/Mapk1/Sel1l/Lrrk2/Mapk8ip3/Dync1i2/Smurf1/Ccdc88a/Ap1g1/Snx3/Snx9/Gja1,CAST-biased
GO:0070848,response to growth factor,11,0.16504854368932043,0.6388225295522081,0.92,1,1,97,"tags=100%, list=85%, signal=17%",Shoc2/Ppara/Dlg1/Atf2/Zmiz1/Actr3/Mapk1/Smurf1/Slit2/Smad3/Rps6kb1,BL6-biased
GO:0140352,export from cell,13,-0.22629374725180534,-0.6360194456584635,0.8994535519125683,1,1,44,"tags=62%, list=39%, signal=43%",Ric1/Sel1l/Lrrk2/Abcc5/Atp1b3/Pik3c2a/Ap1g1/Gja1,CAST-biased
GO:0035239,tube morphogenesis,13,-0.22626144651193214,-0.6359286614502473,0.8994535519125683,1,1,83,"tags=85%, list=73%, signal=26%",Atf2/Myh9/Zmiz1/Arid2/Dicer1/Ago2/Slit2/Epas1/Smad3/Pik3c2a/Gja1,CAST-biased
GO:0046649,lymphocyte activation,15,-0.2184955249851548,-0.6308276511593104,0.9095801937567277,1,1,30,"tags=87%, list=26%, signal=74%",Il6ra/Tmem131l/Atf2/Myh9/Zmiz1/Arid2/Dicer1/Il6st/Il15/Smad3/Apbb1ip/Ap1g1/Gja1,CAST-biased
GO:0042221,response to chemical,32,-0.1890047362169412,-0.6281029013272561,0.9259634888438134,1,1,66,"tags=59%, list=58%, signal=35%",Mapk1/Dicer1/Klf6/Sel1l/Il6st/Lrrk2/Cst3/Il15/Tank/Slit2/Arid5b/Tbxas1/Epas1/Smad3/Rps6kb1/Cdc73/Gja1/Mga/Timp3,CAST-biased
GO:0030030,cell projection organization,16,-0.21066269352150743,-0.6202556520423278,0.9156883671291356,1,1,78,"tags=75%, list=68%, signal=28%",Myh9/Spag9/Actr3/Dicer1/Lrrk2/Mapk8ip3/Dync1i2/Smurf1/Ccdc88a/Slit2/Snx3/Gja1,CAST-biased
GO:0120036,plasma membrane bounded cell projection organization,16,-0.21066269352150743,-0.6202556520423278,0.9156883671291356,1,1,78,"tags=75%, list=68%, signal=28%",Myh9/Spag9/Actr3/Dicer1/Lrrk2/Mapk8ip3/Dync1i2/Smurf1/Ccdc88a/Slit2/Snx3/Gja1,CAST-biased
GO:0042981,regulation of apoptotic process,16,-0.20823120147727284,-0.6130965928936869,0.9242262540021344,1,1,19,"tags=88%, list=17%, signal=85%",Golph3/Qrich1/Atf2/Mbtd1/Ccar1/Dicer1/Il6st/Lrrk2/Mapk8ip3/Slit2/Smad3/Rps6kb1/Cdc73/Gja1,CAST-biased
GO:0043067,regulation of programmed cell death,16,-0.20823120147727284,-0.6130965928936869,0.9242262540021344,1,1,19,"tags=88%, list=17%, signal=85%",Golph3/Qrich1/Atf2/Mbtd1/Ccar1/Dicer1/Il6st/Lrrk2/Mapk8ip3/Slit2/Smad3/Rps6kb1/Cdc73/Gja1,CAST-biased
GO:0008284,positive regulation of cell population proliferation,14,-0.20807505425341544,-0.5936195065475875,0.9249183895538629,1,1,85,"tags=86%, list=75%, signal=25%",Il6ra/Atf2/Zmiz1/Ccar1/Mapk1/Dicer1/Il6st/Cst3/Il15/Tns3/Rps6kb1/Gja1,CAST-biased
GO:0048468,cell development,38,-0.17542312153088574,-0.5858054786576289,0.9474747474747475,1,1,61,"tags=68%, list=54%, signal=48%",Myh9/Spag9/Zmiz1/Actr3/Arid2/Mapk1/Dicer1/Il6st/Lrrk2/Mapk8ip3/Dync1i2/Smurf1/Il15/Ccdc88a/Slit2/Arid5b/Epas1/Smad3/Smchd1/Snx3/Tut7/Lrrk1/Rps6kb1/Ptbp3/Cdc73/Gja1,CAST-biased
GO:0071363,cellular response to growth factor stimulus,10,0.16346153846153844,0.5817316150418989,0.9741379310344828,1,1,97,"tags=100%, list=85%, signal=16%",Shoc2/Ppara/Dlg1/Atf2/Zmiz1/Actr3/Smurf1/Slit2/Smad3/Rps6kb1,BL6-biased
GO:1901698,response to nitrogen compound,12,-0.21199219958284718,-0.5784378971773687,0.951165371809101,1,1,30,"tags=58%, list=26%, signal=48%",Mapk1/Sel1l/Lrrk2/Slit2/Smad3/Rps6kb1/Gja1,CAST-biased
GO:0051241,negative regulation of multicellular organismal process,15,-0.19912224959127045,-0.5748942501763069,0.93756727664155,1,1,55,"tags=47%, list=48%, signal=28%",Cst3/Smurf1/Ppp2ca/Il15/Slit2/Smad3/Gja1,CAST-biased
GO:0016070,RNA metabolic process,35,-0.17212561645290234,-0.5742344701522751,0.9455095862764884,1,1,16,"tags=17%, list=14%, signal=21%",Tut7/Srrm1/Glis3/Ptbp3/Cdc73/Mga,CAST-biased
GO:0032774,RNA biosynthetic process,35,-0.17212561645290234,-0.5742344701522751,0.9455095862764884,1,1,16,"tags=17%, list=14%, signal=21%",Tut7/Srrm1/Glis3/Ptbp3/Cdc73/Mga,CAST-biased
GO:0022603,regulation of anatomical structure morphogenesis,16,-0.19406829558178335,-0.5713966493290514,0.9402347918890075,1,1,78,"tags=81%, list=68%, signal=30%",Atf2/Myh9/Spag9/Actr3/Dicer1/Lrrk2/Ago2/Cst3/Smurf1/Arhgap15/Slit2/Arhgap18/Gja1,CAST-biased
GO:0051179,localization,44,-0.16915527901428334,-0.5711256376157775,0.9599198396793587,1,1,63,"tags=52%, list=55%, signal=38%",Sel1l/Tspan5/Akap10/Lrrk2/Mapk8ip3/Dync1i2/Smurf1/Fyb1/Il15/Ccdc88a/Abcc5/Slc28a2/Atp1b3/Eepd1/Tlk2/Ralgapb/Pik3c2a/Ap1g1/Snx3/Rps6kb1/Ctnnd1/Snx9/Gja1,CAST-biased
GO:0001701,in utero embryonic development,15,-0.1965223936838557,-0.5673880964665752,0.9407965554359526,1,1,83,"tags=80%, list=73%, signal=25%",Atf2/Rbbp6/Myh9/Zmiz1/Mapk1/Dicer1/Mapk8ip3/Slit2/Epas1/Smad3/Adcy9/Gja1,CAST-biased
GO:0009059,macromolecule biosynthetic process,54,-0.1669162334896662,-0.566795636160965,0.958,1,1,22,"tags=19%, list=19%, signal=28%",Snx3/Tut7/Rps6kb1/Srrm1/Glis3/Ptbp3/Cdc73/Ctnnd1/Gja1/Mga,CAST-biased
GO:0040007,growth,20,-0.1823472457038503,-0.5664950390449554,0.9512953367875647,1,1,85,"tags=80%, list=75%, signal=25%",Il6ra/Atf2/Rbbp6/Spag9/Zmiz1/Actr3/Arid2/Mapk1/Dicer1/Smurf1/Slit2/Arid5b/Smad3/Rps6kb1/Cdc73/Gja1,CAST-biased
GO:0019220,regulation of phosphate metabolic process,20,-0.18169376895520284,-0.5644648941156415,0.9523316062176166,1,1,85,"tags=80%, list=75%, signal=25%",Il6ra/Atf2/Myh9/Spag9/Mapk1/Dicer1/Il6st/Lrrk2/Mapk8ip3/Ppp2ca/Il15/Ccdc88a/Slit2/Lrrk1/Ctnnd1/Snx9,CAST-biased
GO:0051174,regulation of phosphorus metabolic process,20,-0.18169376895520284,-0.5644648941156415,0.9523316062176166,1,1,85,"tags=80%, list=75%, signal=25%",Il6ra/Atf2/Myh9/Spag9/Mapk1/Dicer1/Il6st/Lrrk2/Mapk8ip3/Ppp2ca/Il15/Ccdc88a/Slit2/Lrrk1/Ctnnd1/Snx9,CAST-biased
GO:0007167,enzyme-linked receptor protein signaling pathway,11,-0.2087107650762193,-0.5603632089484539,0.9578713968957872,1,1,83,"tags=82%, list=73%, signal=25%",Atf2/Zmiz1/Mapk1/Il6st/Smurf1/Ccdc88a/Arid5b/Smad3/Rps6kb1,CAST-biased
GO:0072359,circulatory system development,16,-0.18757697508536386,-0.5522842086789401,0.9541088580576307,1,1,85,"tags=81%, list=75%, signal=24%",Il6ra/Atf2/Myh9/Zmiz1/Arid2/Mapk1/Dicer1/Ago2/Slit2/Epas1/Smad3/Pik3c2a/Gja1,CAST-biased
GO:0000902,cell morphogenesis,15,-0.19061565103263234,-0.5503344904811578,0.9472551130247578,1,1,78,"tags=73%, list=68%, signal=27%",Myh9/Spag9/Actr3/Dicer1/Lrrk2/Mapk8ip3/Smurf1/Arhgap15/Slit2/Arhgap18/Gja1,CAST-biased
GO:0050793,regulation of developmental process,35,-0.16389403860921523,-0.5467728067520441,0.9596367305751766,1,1,78,"tags=69%, list=68%, signal=31%",Myh9/Spag9/Zmiz1/Actr3/Arid2/Mapk1/Rgs6/Dicer1/Il6st/Lrrk2/Mapk8ip3/Ago2/Cst3/Smurf1/Ppp2ca/Arhgap15/Il15/Slit2/Arhgap18/Smad3/Rps6kb1/Ptbp3/Cdc73/Gja1,CAST-biased
GO:0010467,gene expression,52,-0.16050421882061805,-0.5446576370190807,0.966900702106319,1,1,21,"tags=17%, list=18%, signal=26%",Tut7/Rps6kb1/Srrm1/Glis3/Ptbp3/Cdc73/Ctnnd1/Gja1/Mga,CAST-biased
GO:0019637,organophosphate metabolic process,12,-0.19798653033903726,-0.5402222935754772,0.9644839067702553,1,1,59,"tags=50%, list=52%, signal=27%",Lrrk2/Ppp2ca/Pfkfb3/Plpp1/Pik3c2a/Adcy9,CAST-biased
GO:0045596,negative regulation of cell differentiation,11,-0.19965026379564965,-0.5360368567815811,0.9645232815964523,1,1,84,"tags=82%, list=74%, signal=24%",Tmem131l/Spag9/Actr3/Mapk1/Dicer1/Ppp2ca/Slit2/Smad3/Cdc73,CAST-biased
GO:0007155,cell adhesion,17,0.1176239165943983,0.5345067186305579,1,1,1,88,"tags=94%, list=77%, signal=25%",Lyve1/Ppara/Nid1/Dlg1/Golph3/Il6ra/Tmem131l/Myh9/Zmiz1/Arid2/Dicer1/Il6st/Il15/Slit2/Smad3/Apbb1ip,BL6-biased
GO:0033365,protein localization to organelle,10,-0.20188164952433807,-0.5296412378052955,0.9683972911963883,1,1,7,"tags=50%, list=6%, signal=51%",Mapk1/Lrrk2/Smurf1/Ccdc88a/Gja1,CAST-biased
GO:0051093,negative regulation of developmental process,16,-0.1776891289250791,-0.5231713535980499,0.9701173959445037,1,1,13,"tags=75%, list=11%, signal=77%",Tmem131l/Atf2/Spag9/Actr3/Mapk1/Dicer1/Cst3/Ppp2ca/Slit2/Smad3/Cdc73/Gja1,CAST-biased
GO:0070887,cellular response to chemical stimulus,19,-0.1712514785406871,-0.5230768807665052,0.9662447257383966,1,1,19,"tags=42%, list=17%, signal=42%",Lrrk2/Cst3/Slit2/Epas1/Smad3/Rps6kb1/Cdc73/Gja1,CAST-biased
GO:0048589,developmental growth,19,-0.16834519956948865,-0.5141998342624623,0.9683544303797469,1,1,85,"tags=79%, list=75%, signal=24%",Il6ra/Atf2/Rbbp6/Spag9/Zmiz1/Actr3/Arid2/Mapk1/Dicer1/Smurf1/Slit2/Arid5b/Smad3/Rps6kb1/Gja1,CAST-biased
GO:0009792,embryo development ending in birth or egg hatching,17,-0.1716280198133163,-0.5114414710049009,0.9648936170212766,1,1,12,"tags=76%, list=11%, signal=80%",Atf2/Rbbp6/Mbtd1/Myh9/Zmiz1/Mapk1/Dicer1/Mapk8ip3/Slit2/Epas1/Smad3/Adcy9/Gja1,CAST-biased
GO:0043009,chordate embryonic development,17,-0.1716280198133163,-0.5114414710049009,0.9648936170212766,1,1,12,"tags=76%, list=11%, signal=80%",Atf2/Rbbp6/Mbtd1/Myh9/Zmiz1/Mapk1/Dicer1/Mapk8ip3/Slit2/Epas1/Smad3/Adcy9/Gja1,CAST-biased
GO:0044281,small molecule metabolic process,12,-0.18728501262558195,-0.511022335204564,0.974472807991121,1,1,59,"tags=50%, list=52%, signal=27%",Lrrk2/Ppp2ca/Pfkfb3/Tbxas1/Plpp1/Adcy9,CAST-biased
GO:0048731,system development,46,-0.14359659279552997,-0.4851332431313478,0.9839518555667001,1,1,79,"tags=67%, list=69%, signal=35%",Mbtd1/Myh9/Spag9/Zmiz1/Actr3/Arid2/Mapk1/Rgs6/Dicer1/Il6st/Lrrk2/Mapk8ip3/Dync1i2/Ago2/Smurf1/Il15/Pou2f1/Ccdc88a/Slit2/Pfkfb3/Arid5b/Epas1/Smad3/Tns3/Smchd1/Pik3c2a/Snx3/Lrrk1/Ctnnd1/Gja1/Timp3,CAST-biased
GO:0051234,establishment of localization,36,-0.14359464902924624,-0.4776935547888222,0.9868686868686869,1,1,83,"tags=72%, list=73%, signal=29%",Atf2/Kcng2/Clint1/Myh9/Spag9/Actr3/Ric1/Mapk1/Atp13a3/Sel1l/Lrrk2/Mapk8ip3/Dync1i2/Smurf1/Il15/Ccdc88a/Abcc5/Slc28a2/Atp1b3/Eepd1/Pik3c2a/Ap1g1/Snx3/Rps6kb1/Snx9/Gja1,CAST-biased
GO:0006810,transport,35,-0.14305171515310353,-0.4772399805916947,0.9828456104944501,1,1,70,"tags=57%, list=61%, signal=32%",Ric1/Mapk1/Atp13a3/Sel1l/Lrrk2/Mapk8ip3/Dync1i2/Smurf1/Il15/Ccdc88a/Abcc5/Slc28a2/Atp1b3/Eepd1/Pik3c2a/Ap1g1/Snx3/Rps6kb1/Snx9/Gja1,CAST-biased
GO:0071495,cellular response to endogenous stimulus,14,-0.1671430089599424,-0.47684404484566606,0.9815016322089227,1,1,30,"tags=57%, list=26%, signal=48%",Zmiz1/Actr3/Mapk1/Smurf1/Slit2/Smad3/Rps6kb1/Gja1,CAST-biased
GO:0007507,heart development,11,-0.17683123995112232,-0.47477053244071177,0.9855875831485588,1,1,7,"tags=73%, list=6%, signal=76%",Atf2/Zmiz1/Arid2/Mapk1/Dicer1/Slit2/Smad3/Gja1,CAST-biased
GO:0007275,multicellular organism development,52,-0.1353542080015965,-0.4593131796313166,0.9909729187562688,1,1,61,"tags=48%, list=54%, signal=41%",Il6st/Lrrk2/Mapk8ip3/Dync1i2/Ago2/Smurf1/Il15/Pou2f1/Ccdc88a/Slit2/Pfkfb3/Arid5b/Epas1/Sobp/Smad3/Tns3/Smchd1/Pik3c2a/Snx3/Lrrk1/Cdc73/Adcy9/Ctnnd1/Gja1/Timp3,CAST-biased
GO:0045892,negative regulation of DNA-templated transcription,18,-0.15106552352105468,-0.45775700265220176,0.9820295983086681,1,1,40,"tags=28%, list=35%, signal=21%",Arid5b/Epas1/Smad3/Glis3/Cdc73,CAST-biased
GO:1902679,negative regulation of RNA biosynthetic process,18,-0.15106552352105468,-0.45775700265220176,0.9820295983086681,1,1,40,"tags=28%, list=35%, signal=21%",Arid5b/Epas1/Smad3/Glis3/Cdc73,CAST-biased
GO:0016567,protein ubiquitination,11,-0.1580460884671664,-0.4243346684243628,0.9922394678492239,1,1,59,"tags=45%, list=52%, signal=24%",Lrrk2/Smurf1/Wsb1/Ube2w/Dcaf10,CAST-biased
GO:0006351,DNA-templated transcription,28,-0.12013953637165448,-0.39170827198972147,0.9989795918367347,1,1,15,"tags=96%, list=13%, signal=111%",Fbxw11/Wwc2/Hdac9/Dlg1/Fabp4/Setd5/Tsc22d2/Zmym2/Qrich1/Atf2/Mbtd1/Zmiz1/Actr3/Ccar1/Arid2/Mapk1/Dicer1/Klf6/Ago2/Ppp2ca/Pou2f1/Arid5b/Epas1/Smad3/Glis3/Cdc73/Mga,CAST-biased
GO:0006355,regulation of DNA-templated transcription,28,-0.12013953637165448,-0.39170827198972147,0.9989795918367347,1,1,15,"tags=96%, list=13%, signal=111%",Fbxw11/Wwc2/Hdac9/Dlg1/Fabp4/Setd5/Tsc22d2/Zmym2/Qrich1/Atf2/Mbtd1/Zmiz1/Actr3/Ccar1/Arid2/Mapk1/Dicer1/Klf6/Ago2/Ppp2ca/Pou2f1/Arid5b/Epas1/Smad3/Glis3/Cdc73/Mga,CAST-biased
GO:2001141,regulation of RNA biosynthetic process,28,-0.12013953637165448,-0.39170827198972147,0.9989795918367347,1,1,15,"tags=96%, list=13%, signal=111%",Fbxw11/Wwc2/Hdac9/Dlg1/Fabp4/Setd5/Tsc22d2/Zmym2/Qrich1/Atf2/Mbtd1/Zmiz1/Actr3/Ccar1/Arid2/Mapk1/Dicer1/Klf6/Ago2/Ppp2ca/Pou2f1/Arid5b/Epas1/Smad3/Glis3/Cdc73/Mga,CAST-biased
