gene,chromosome,n_groups,groups
Gm56730,15,16,Cardiomyocyte:F1_Aged;Cardiomyocyte:F1_Young;Coronary_EC:F1_Aged;Coronary_EC:F1_Young;Endocardial_EC:F1_Aged;Endocardial_EC:F1_Young;Fibroblast:F1_Aged;Fibroblast:F1_Young;Lymphatic_EC:F1_Aged;Lymphatic_EC:F1_Young;Mesothelial:F1_Aged;Mesothelial:F1_Young;Myeloid:F1_Aged;Myeloid:F1_Young;Pericytes:F1_Aged;Pericytes:F1_Young
Or5m3b,2,8,Cardiomyocyte:F1_Aged;Cardiomyocyte:F1_Young;Endocardial_EC:F1_Aged;Endocardial_EC:F1_Young;Fibroblast:F1_Aged;Fibroblast:F1_Young;Pericytes:F1_Aged;Pericytes:F1_Young
Airn,17,6,Cardiomyocyte:F1_Young;Coronary_EC:F1_Young;Fibroblast:F1_Young;Mesothelial:F1_Young;Pericytes:F1_Aged;Pericytes:F1_Young
Atrx,X,6,Cardiomyocyte:F1_Young;Coronary_EC:F1_Young;Endocardial_EC:F1_Young;Fibroblast:F1_Young;Lymphatic_EC:F1_Young;Mesothelial:F1_Young
Grb10,11,6,Cardiomyocyte:F1_Young;Coronary_EC:F1_Young;Endocardial_EC:F1_Young;Fibroblast:F1_Young;Mesothelial:F1_Young;Pericytes:F1_Young
Gsdma3,11,6,Cardiomyocyte:F1_Aged;Cardiomyocyte:F1_Young;Fibroblast:F1_Aged;Fibroblast:F1_Young;Mesothelial:F1_Aged;Mesothelial:F1_Young
Kcnc2,10,6,Coronary_EC:F1_Aged;Coronary_EC:F1_Young;Endocardial_EC:F1_Aged;Endocardial_EC:F1_Young;Fibroblast:F1_Young;Myeloid:F1_Aged
Bend6,1,5,Cardiomyocyte:F1_Aged;Cardiomyocyte:F1_Young;Fibroblast:F1_Young;Myeloid:F1_Aged;Myeloid:F1_Young
Chrna9,5,5,Cardiomyocyte:F1_Aged;Cardiomyocyte:F1_Young;Fibroblast:F1_Aged;Mesothelial:F1_Aged;Mesothelial:F1_Young
Gm20186,6,5,Cardiomyocyte:F1_Aged;Cardiomyocyte:F1_Young;Fibroblast:F1_Aged;Mesothelial:F1_Aged;Mesothelial:F1_Young
Kcnq1ot1,7,5,Fibroblast:F1_Young;Lymphatic_EC:F1_Young;Mesothelial:F1_Young;Myeloid:F1_Young;Pericytes:F1_Young
Rusc2,4,5,Cardiomyocyte:F1_Aged;Cardiomyocyte:F1_Young;Fibroblast:F1_Aged;Fibroblast:F1_Young;Pericytes:F1_Aged
Sgce,6,5,Cardiomyocyte:F1_Young;Endocardial_EC:F1_Aged;Fibroblast:F1_Aged;Fibroblast:F1_Young;Pericytes:F1_Young
Atp11c,X,4,Cardiomyocyte:F1_Young;Endocardial_EC:F1_Young;Fibroblast:F1_Young;Lymphatic_EC:F1_Young
Cntnap5b,1,4,Cardiomyocyte:F1_Aged;Cardiomyocyte:F1_Young;Fibroblast:F1_Aged;Fibroblast:F1_Young
Diaph2,X,4,Cardiomyocyte:F1_Young;Endocardial_EC:F1_Young;Fibroblast:F1_Young;Lymphatic_EC:F1_Young
Fmn1,2,4,Cardiomyocyte:F1_Aged;Cardiomyocyte:F1_Young;Fibroblast:F1_Aged;Fibroblast:F1_Young
Mecp2,X,4,Cardiomyocyte:F1_Young;Endocardial_EC:F1_Young;Fibroblast:F1_Young;Mesothelial:F1_Young
Nbr1,11,4,Cardiomyocyte:F1_Aged;Cardiomyocyte:F1_Young;Fibroblast:F1_Aged;Fibroblast:F1_Young
Rps6ka3,X,4,Cardiomyocyte:F1_Young;Fibroblast:F1_Young;Lymphatic_EC:F1_Young;Mesothelial:F1_Young
Tbl1x,X,4,Cardiomyocyte:F1_Young;Endocardial_EC:F1_Young;Fibroblast:F1_Young;Mesothelial:F1_Aged
2610035D17Rik,11,3,Cardiomyocyte:F1_Aged;Cardiomyocyte:F1_Young;Myeloid:F1_Young
Abcb1b,5,3,Mesothelial:F1_Aged;Mesothelial:F1_Young;Myeloid:F1_Aged
Acot9,X,3,Endocardial_EC:F1_Aged;Fibroblast:F1_Aged;Fibroblast:F1_Young
Acsl4,X,3,Cardiomyocyte:F1_Young;Fibroblast:F1_Young;Mesothelial:F1_Young
Atp7a,X,3,Cardiomyocyte:F1_Young;Fibroblast:F1_Young;Myeloid:F1_Young
Ccdc171,4,3,Mesothelial:F1_Aged;Mesothelial:F1_Young;Myeloid:F1_Aged
Cdh19,1,3,Cardiomyocyte:F1_Aged;Cardiomyocyte:F1_Young;Fibroblast:F1_Young
Col4a5,X,3,Cardiomyocyte:F1_Young;Fibroblast:F1_Young;Mesothelial:F1_Aged
Cp,3,3,Endocardial_EC:F1_Aged;Pericytes:F1_Aged;Pericytes:F1_Young
Dmd,X,3,Cardiomyocyte:F1_Young;Fibroblast:F1_Young;Mesothelial:F1_Young
Gm13483,2,3,Cardiomyocyte:F1_Aged;Cardiomyocyte:F1_Young;Fibroblast:F1_Aged
Gm47200,10,3,Cardiomyocyte:F1_Aged;Mesothelial:F1_Aged;Mesothelial:F1_Young
Grm1,10,3,Cardiomyocyte:F1_Aged;Cardiomyocyte:F1_Young;Fibroblast:F1_Aged
Huwe1,X,3,Cardiomyocyte:F1_Young;Endocardial_EC:F1_Young;Fibroblast:F1_Young
Iigp1,18,3,Cardiomyocyte:F1_Aged;Cardiomyocyte:F1_Young;Coronary_EC:F1_Aged
Lyrm4,13,3,Cardiomyocyte:F1_Aged;Cardiomyocyte:F1_Young;Fibroblast:F1_Aged
Med14,X,3,Cardiomyocyte:F1_Young;Endocardial_EC:F1_Young;Fibroblast:F1_Young
Mpp7,18,3,Fibroblast:F1_Aged;Myeloid:F1_Aged;Myeloid:F1_Young
Msn,X,3,Cardiomyocyte:F1_Young;Fibroblast:F1_Young;Pericytes:F1_Aged
Nrg4,9,3,Cardiomyocyte:F1_Young;Fibroblast:F1_Aged;Fibroblast:F1_Young
Nrxn1,17,3,Endocardial_EC:F1_Aged;Pericytes:F1_Aged;Pericytes:F1_Young
Ophn1,X,3,Cardiomyocyte:F1_Young;Endocardial_EC:F1_Young;Fibroblast:F1_Young
Parg,14,3,Cardiomyocyte:F1_Aged;Cardiomyocyte:F1_Young;Fibroblast:F1_Young
Prkg1,19,3,Lymphatic_EC:F1_Aged;Pericytes:F1_Aged;Pericytes:F1_Young
Shroom2,X,3,Cardiomyocyte:F1_Young;Endocardial_EC:F1_Young;Mesothelial:F1_Young
Slc8a1,17,3,Cardiomyocyte:F1_Aged;Cardiomyocyte:F1_Young;Smooth_Muscle:F1_Aged
Tcp1,17,3,Cardiomyocyte:F1_Young;Fibroblast:F1_Young;Pericytes:F1_Aged
Xiap,X,3,Cardiomyocyte:F1_Young;Endocardial_EC:F1_Young;Fibroblast:F1_Young
Zswim5,4,3,Mesothelial:F1_Aged;Mesothelial:F1_Young;Pericytes:F1_Young
1110002L01Rik,12,2,Cardiomyocyte:F1_Aged;Cardiomyocyte:F1_Young
1700017G19Rik,3,2,Cardiomyocyte:F1_Aged;Cardiomyocyte:F1_Young
1700087I21Rik,14,2,Cardiomyocyte:F1_Aged;Cardiomyocyte:F1_Young
1700123O12Rik,4,2,Cardiomyocyte:F1_Aged;Cardiomyocyte:F1_Young
1810037I17Rik,3,2,Cardiomyocyte:F1_Aged;Cardiomyocyte:F1_Young
2010001K21Rik,13,2,Cardiomyocyte:F1_Aged;Cardiomyocyte:F1_Young
4833420G17Rik,13,2,Cardiomyocyte:F1_Aged;Cardiomyocyte:F1_Young
4930412C18Rik,4,2,Cardiomyocyte:F1_Aged;Cardiomyocyte:F1_Young
4930447C04Rik,12,2,Cardiomyocyte:F1_Aged;Cardiomyocyte:F1_Young
4930481A15Rik,19,2,Cardiomyocyte:F1_Aged;Cardiomyocyte:F1_Young
4930522O17Rik,4,2,Cardiomyocyte:F1_Aged;Cardiomyocyte:F1_Young
5830417I10Rik,3,2,Cardiomyocyte:F1_Aged;Cardiomyocyte:F1_Young
9330159M07Rik,9,2,Cardiomyocyte:F1_Aged;Cardiomyocyte:F1_Young
9430037G07Rik,9,2,Cardiomyocyte:F1_Aged;Cardiomyocyte:F1_Young
A730017L22Rik,2,2,Cardiomyocyte:F1_Aged;Cardiomyocyte:F1_Young
A930002C04Rik,13,2,Cardiomyocyte:F1_Aged;Cardiomyocyte:F1_Young
AI839979,5,2,Cardiomyocyte:F1_Aged;Cardiomyocyte:F1_Young
Aaas,15,2,Cardiomyocyte:F1_Aged;Cardiomyocyte:F1_Young
Abi1,2,2,Mesothelial:F1_Aged;Mesothelial:F1_Young
Acsm5,7,2,Cardiomyocyte:F1_Aged;Cardiomyocyte:F1_Young
Actg1,11,2,Cardiomyocyte:F1_Aged;Cardiomyocyte:F1_Young
Aff2,X,2,Cardiomyocyte:F1_Young;Fibroblast:F1_Young
Ammecr1,X,2,Cardiomyocyte:F1_Young;Fibroblast:F1_Young
Ankrd55,13,2,Cardiomyocyte:F1_Aged;Cardiomyocyte:F1_Young
Arhgap6,X,2,Cardiomyocyte:F1_Young;Lymphatic_EC:F1_Young
Asb18,1,2,Cardiomyocyte:F1_Aged;Cardiomyocyte:F1_Young
Aspa,11,2,Fibroblast:F1_Aged;Fibroblast:F1_Young
Atp2a2,5,2,Cardiomyocyte:F1_Aged;Cardiomyocyte:F1_Young
Avil,10,2,Cardiomyocyte:F1_Aged;Cardiomyocyte:F1_Young
BB218582,2,2,Cardiomyocyte:F1_Aged;Cardiomyocyte:F1_Young
Best3,10,2,Cardiomyocyte:F1_Aged;Cardiomyocyte:F1_Young
Bicd1,6,2,Mesothelial:F1_Aged;Mesothelial:F1_Young
Blcap,2,2,Cardiomyocyte:F1_Aged;Cardiomyocyte:F1_Young
Cacna1c,6,2,Cardiomyocyte:F1_Aged;Cardiomyocyte:F1_Young
Cask,X,2,Cardiomyocyte:F1_Young;Fibroblast:F1_Young
Cd28,1,2,Cardiomyocyte:F1_Aged;Cardiomyocyte:F1_Young
Cdcp3,7,2,Cardiomyocyte:F1_Aged;Cardiomyocyte:F1_Young
Cdh2,18,2,Pericytes:F1_Aged;Pericytes:F1_Young
Ces1d,8,2,Fibroblast:F1_Aged;Fibroblast:F1_Young
Chn2,6,2,Coronary_EC:F1_Young;Mesothelial:F1_Young
Clstn2,9,2,Pericytes:F1_Aged;Pericytes:F1_Young
Clvs1,4,2,Cardiomyocyte:F1_Aged;Cardiomyocyte:F1_Young
Cmah,13,2,Coronary_EC:F1_Aged;Coronary_EC:F1_Young
Cubn,2,2,Cardiomyocyte:F1_Aged;Cardiomyocyte:F1_Young
Cyfip2,11,2,Cardiomyocyte:F1_Aged;Cardiomyocyte:F1_Young
Cyp2d22,15,2,Cardiomyocyte:F1_Aged;Cardiomyocyte:F1_Young
D830032E09Rik,1,2,Cardiomyocyte:F1_Aged;Cardiomyocyte:F1_Young
Ddx3x,X,2,Cardiomyocyte:F1_Young;Endocardial_EC:F1_Young
Dnah7b,1,2,Cardiomyocyte:F1_Aged;Cardiomyocyte:F1_Young
Dock3,9,2,Cardiomyocyte:F1_Aged;Cardiomyocyte:F1_Young
Enox2,X,2,Cardiomyocyte:F1_Young;Endocardial_EC:F1_Young
Ephb1,9,2,Cardiomyocyte:F1_Aged;Cardiomyocyte:F1_Young
Fancc,13,2,Cardiomyocyte:F1_Aged;Cardiomyocyte:F1_Young
Fap,2,2,Myeloid:F1_Aged;Myeloid:F1_Young
Fhl1,X,2,Cardiomyocyte:F1_Young;Fibroblast:F1_Young
Flna,X,2,Fibroblast:F1_Aged;Fibroblast:F1_Young
Foxo6os,4,2,Cardiomyocyte:F1_Aged;Cardiomyocyte:F1_Young
Ftx,X,2,Cardiomyocyte:F1_Young;Fibroblast:F1_Young
Gck,11,2,Cardiomyocyte:F1_Aged;Cardiomyocyte:F1_Young
Gcnt1,19,2,Cardiomyocyte:F1_Aged;Cardiomyocyte:F1_Young
Glt28d2,3,2,Cardiomyocyte:F1_Aged;Cardiomyocyte:F1_Young
Gm11734,11,2,Cardiomyocyte:F1_Aged;Cardiomyocyte:F1_Young
Gm11816,4,2,Cardiomyocyte:F1_Aged;Cardiomyocyte:F1_Young
Gm11884,4,2,Cardiomyocyte:F1_Aged;Cardiomyocyte:F1_Young
Gm11967,11,2,Cardiomyocyte:F1_Aged;Cardiomyocyte:F1_Young
Gm12224,11,2,Cardiomyocyte:F1_Aged;Cardiomyocyte:F1_Young
Gm12381,4,2,Cardiomyocyte:F1_Aged;Cardiomyocyte:F1_Young
Gm13481,2,2,Cardiomyocyte:F1_Aged;Cardiomyocyte:F1_Young
Gm14636,X,2,Cardiomyocyte:F1_Young;Fibroblast:F1_Aged
Gm14964,19,2,Cardiomyocyte:F1_Aged;Cardiomyocyte:F1_Young
Gm16316,2,2,Cardiomyocyte:F1_Aged;Cardiomyocyte:F1_Young
Gm19299,9,2,Cardiomyocyte:F1_Aged;Cardiomyocyte:F1_Young
Gm24474,12,2,Cardiomyocyte:F1_Aged;Cardiomyocyte:F1_Young
Gm26740,10,2,Myeloid:F1_Aged;Myeloid:F1_Young
Gm26760,15,2,Cardiomyocyte:F1_Aged;Cardiomyocyte:F1_Young
Gm32027,19,2,Cardiomyocyte:F1_Aged;Cardiomyocyte:F1_Young
Gm32828,12,2,Cardiomyocyte:F1_Aged;Fibroblast:F1_Aged
Gm34240,3,2,Cardiomyocyte:F1_Aged;Cardiomyocyte:F1_Young
Gm35268,19,2,Cardiomyocyte:F1_Aged;Cardiomyocyte:F1_Young
Gm35533,10,2,Cardiomyocyte:F1_Aged;Cardiomyocyte:F1_Young
Gm36235,12,2,Cardiomyocyte:F1_Aged;Cardiomyocyte:F1_Young
Gm37184,1,2,Cardiomyocyte:F1_Aged;Cardiomyocyte:F1_Young
Gm39214,8,2,Cardiomyocyte:F1_Aged;Cardiomyocyte:F1_Young
Gm40124,3,2,Cardiomyocyte:F1_Aged;Cardiomyocyte:F1_Young
Gm40652,10,2,Cardiomyocyte:F1_Aged;Cardiomyocyte:F1_Young
Gm44710,7,2,Myeloid:F1_Aged;Myeloid:F1_Young
Gm45037,7,2,Cardiomyocyte:F1_Aged;Cardiomyocyte:F1_Young
Gm45670,7,2,Cardiomyocyte:F1_Aged;Cardiomyocyte:F1_Young
Gm47283,Y,2,Cardiomyocyte:F1_Young;Fibroblast:F1_Young
Gm56646,19,2,Cardiomyocyte:F1_Aged;Cardiomyocyte:F1_Young
Gm56843,8,2,Cardiomyocyte:F1_Aged;Cardiomyocyte:F1_Young
Gm57414,11,2,Cardiomyocyte:F1_Aged;Cardiomyocyte:F1_Young
Gm5860,4,2,Cardiomyocyte:F1_Aged;Cardiomyocyte:F1_Young
Gm6994,14,2,Cardiomyocyte:F1_Aged;Cardiomyocyte:F1_Young
Gm8189,19,2,Cardiomyocyte:F1_Aged;Cardiomyocyte:F1_Young
Gnb4,3,2,Myeloid:F1_Aged;Myeloid:F1_Young
Gprasp1,X,2,Cardiomyocyte:F1_Young;Fibroblast:F1_Young
Gramd1a,7,2,Cardiomyocyte:F1_Aged;Cardiomyocyte:F1_Young
Gsap,5,2,Cardiomyocyte:F1_Aged;Cardiomyocyte:F1_Young
Hebp1,6,2,Cardiomyocyte:F1_Aged;Cardiomyocyte:F1_Young
Hhat,1,2,Cardiomyocyte:F1_Aged;Cardiomyocyte:F1_Young
Hpgd,8,2,Mesothelial:F1_Aged;Mesothelial:F1_Young
Il1rapl1,X,2,Mesothelial:F1_Aged;Mesothelial:F1_Young
Impact,18,2,Cardiomyocyte:F1_Young;Fibroblast:F1_Young
Ino80c,18,2,Cardiomyocyte:F1_Aged;Cardiomyocyte:F1_Young
Ip6k3,17,2,Cardiomyocyte:F1_Aged;Cardiomyocyte:F1_Young
Iqub,6,2,Cardiomyocyte:F1_Aged;Cardiomyocyte:F1_Young
Kcnd2,6,2,Mesothelial:F1_Aged;Mesothelial:F1_Young
Kcnip1,11,2,Fibroblast:F1_Aged;Fibroblast:F1_Young
Kcnq5,1,2,Cardiomyocyte:F1_Aged;Cardiomyocyte:F1_Young
Kcnv2,19,2,Cardiomyocyte:F1_Aged;Cardiomyocyte:F1_Young
Kdm5c,X,2,Cardiomyocyte:F1_Young;Fibroblast:F1_Young
Kdm6a,X,2,Cardiomyocyte:F1_Young;Mesothelial:F1_Young
Klhl32,4,2,Cardiomyocyte:F1_Aged;Cardiomyocyte:F1_Young
Lamp2,X,2,Cardiomyocyte:F1_Young;Fibroblast:F1_Young
Lrrc3b,14,2,Coronary_EC:F1_Aged;Fibroblast:F1_Aged
Lyz1,10,2,Myeloid:F1_Aged;Myeloid:F1_Young
Malat1,19,2,Fibroblast:F1_Aged;Fibroblast:F1_Young
Mamld1,X,2,Cardiomyocyte:F1_Young;Fibroblast:F1_Young
Mfsd4b1,10,2,Cardiomyocyte:F1_Aged;Cardiomyocyte:F1_Young
Ms4a8a,19,2,Myeloid:F1_Aged;Myeloid:F1_Young
Mtor,4,2,Cardiomyocyte:F1_Aged;Cardiomyocyte:F1_Young
Myh6,14,2,Cardiomyocyte:F1_Aged;Cardiomyocyte:F1_Young
Myo16,8,2,Cardiomyocyte:F1_Aged;Cardiomyocyte:F1_Young
Ndrg4,8,2,Cardiomyocyte:F1_Aged;Cardiomyocyte:F1_Young
Neat1,19,2,Cardiomyocyte:F1_Aged;Cardiomyocyte:F1_Young
Nek10,14,2,Cardiomyocyte:F1_Aged;Cardiomyocyte:F1_Young
Nim1k,13,2,Cardiomyocyte:F1_Aged;Cardiomyocyte:F1_Young
Ntng1,3,2,Cardiomyocyte:F1_Aged;Cardiomyocyte:F1_Young
Ocrl,X,2,Cardiomyocyte:F1_Young;Fibroblast:F1_Young
Ogdhl,14,2,Cardiomyocyte:F1_Aged;Cardiomyocyte:F1_Young
Ogt,X,2,Cardiomyocyte:F1_Young;Fibroblast:F1_Young
Opcml,9,2,Pericytes:F1_Aged;Pericytes:F1_Young
Orm3,4,2,Cardiomyocyte:F1_Aged;Cardiomyocyte:F1_Young
Pah,10,2,Cardiomyocyte:F1_Aged;Cardiomyocyte:F1_Young
Pak5,2,2,Cardiomyocyte:F1_Aged;Cardiomyocyte:F1_Young
Pals2,6,2,Mesothelial:F1_Aged;Mesothelial:F1_Young
Pcdha11,18,2,Coronary_EC:F1_Aged;Pericytes:F1_Aged
Pcolce2,9,2,Cardiomyocyte:F1_Aged;Cardiomyocyte:F1_Young
Pdlim5,3,2,Cardiomyocyte:F1_Aged;Cardiomyocyte:F1_Young
Pkd2,5,2,Myeloid:F1_Aged;Myeloid:F1_Young
Pkd2l2,18,2,Cardiomyocyte:F1_Aged;Cardiomyocyte:F1_Young
Pla2g4e,2,2,Cardiomyocyte:F1_Aged;Cardiomyocyte:F1_Young
Plet1os,9,2,Cardiomyocyte:F1_Aged;Cardiomyocyte:F1_Young
Pls3,X,2,Cardiomyocyte:F1_Young;Fibroblast:F1_Young
Pola1,X,2,Cardiomyocyte:F1_Young;Fibroblast:F1_Young
Ppp1r3c,19,2,Cardiomyocyte:F1_Aged;Cardiomyocyte:F1_Young
Prdm6,18,2,Fibroblast:F1_Aged;Fibroblast:F1_Young
Ptcd1,5,2,Cardiomyocyte:F1_Aged;Cardiomyocyte:F1_Young
Pus7l,15,2,Cardiomyocyte:F1_Aged;Cardiomyocyte:F1_Young
Pyroxd2,19,2,Cardiomyocyte:F1_Aged;Cardiomyocyte:F1_Young
Rbm20,19,2,Cardiomyocyte:F1_Aged;Cardiomyocyte:F1_Young
Rgs17,10,2,Mesothelial:F1_Aged;Mesothelial:F1_Young
Rgs6,12,2,Cardiomyocyte:F1_Aged;Cardiomyocyte:F1_Young
Rnf180,13,2,Cardiomyocyte:F1_Aged;Cardiomyocyte:F1_Young
Rnls,19,2,Fibroblast:F1_Young;Pericytes:F1_Aged
Scin,12,2,Cardiomyocyte:F1_Aged;Cardiomyocyte:F1_Young
Sgo2a,1,2,Cardiomyocyte:F1_Aged;Cardiomyocyte:F1_Young
Sh3kbp1,X,2,Cardiomyocyte:F1_Young;Fibroblast:F1_Young
Shisa6,11,2,Cardiomyocyte:F1_Aged;Cardiomyocyte:F1_Young
Shroom4,X,2,Endocardial_EC:F1_Young;Fibroblast:F1_Young
Slc16a7,10,2,Pericytes:F1_Aged;Pericytes:F1_Young
Slc25a21,12,2,Cardiomyocyte:F1_Young;Endocardial_EC:F1_Young
Slc36a2,11,2,Cardiomyocyte:F1_Aged;Cardiomyocyte:F1_Young
Smco2,6,2,Cardiomyocyte:F1_Aged;Cardiomyocyte:F1_Young
Sntb1,15,2,Cardiomyocyte:F1_Aged;Cardiomyocyte:F1_Young
Snurf,7,2,Cardiomyocyte:F1_Aged;Cardiomyocyte:F1_Young
Snx12,X,2,Cardiomyocyte:F1_Young;Fibroblast:F1_Young
Sorbs1,19,2,Cardiomyocyte:F1_Aged;Cardiomyocyte:F1_Young
Sparc,11,2,Cardiomyocyte:F1_Aged;Cardiomyocyte:F1_Young
Spata31f1e,Unknown,2,Cardiomyocyte:F1_Aged;Cardiomyocyte:F1_Young
Stard9,2,2,Cardiomyocyte:F1_Aged;Cardiomyocyte:F1_Young
Suclg2,6,2,Mesothelial:F1_Aged;Mesothelial:F1_Young
Sycp2,2,2,Cardiomyocyte:F1_Aged;Cardiomyocyte:F1_Young
Taf1,X,2,Cardiomyocyte:F1_Young;Fibroblast:F1_Aged
Thoc2,X,2,Cardiomyocyte:F1_Aged;Cardiomyocyte:F1_Young
Tmem144,3,2,Cardiomyocyte:F1_Aged;Cardiomyocyte:F1_Young
Tmem243,5,2,Cardiomyocyte:F1_Aged;Cardiomyocyte:F1_Young
Tmx1,12,2,Cardiomyocyte:F1_Aged;Cardiomyocyte:F1_Young
Trafd1,5,2,Cardiomyocyte:F1_Aged;Cardiomyocyte:F1_Young
Txlng,X,2,Cardiomyocyte:F1_Young;Fibroblast:F1_Young
Ugt1a7c,1,2,Fibroblast:F1_Aged;Fibroblast:F1_Young
Unc13c,9,2,Cardiomyocyte:F1_Aged;Cardiomyocyte:F1_Young
Usp9x,X,2,Cardiomyocyte:F1_Young;Fibroblast:F1_Young
Zbtb20,16,2,Cardiomyocyte:F1_Aged;Cardiomyocyte:F1_Young
Zfp217,2,2,Cardiomyocyte:F1_Aged;Cardiomyocyte:F1_Young
Zfp697,3,2,Cardiomyocyte:F1_Aged;Cardiomyocyte:F1_Young
Zfp968-ps,2,2,Cardiomyocyte:F1_Aged;Cardiomyocyte:F1_Young
Zfx,X,2,Cardiomyocyte:F1_Young;Fibroblast:F1_Young
2810403D21Rik,X,1,Cardiomyocyte:F1_Young
4921504A21Rik,5,1,Cardiomyocyte:F1_Young
4930428N03Rik,14,1,Cardiomyocyte:F1_Aged
4930458D05Rik,5,1,Cardiomyocyte:F1_Aged
4930544I03Rik,12,1,Cardiomyocyte:F1_Young
4930567K20Rik,10,1,Cardiomyocyte:F1_Aged
A230057D06Rik,7,1,Cardiomyocyte:F1_Young
A230072C01Rik,X,1,Cardiomyocyte:F1_Young
Abca8a,11,1,Mesothelial:F1_Aged
Abcb7,X,1,Cardiomyocyte:F1_Young
Acbd4,11,1,Cardiomyocyte:F1_Young
Adgrg2,X,1,Fibroblast:F1_Young
Agbl3,6,1,Cardiomyocyte:F1_Aged
Agmo,12,1,Coronary_EC:F1_Young
Aifm1,X,1,Cardiomyocyte:F1_Young
Akr1c14,13,1,Fibroblast:F1_Aged
Alg13,X,1,Cardiomyocyte:F1_Young
Amot,X,1,Cardiomyocyte:F1_Young
Ankra2,13,1,Cardiomyocyte:F1_Young
Anks6,4,1,Cardiomyocyte:F1_Aged
Ap1s2,X,1,Cardiomyocyte:F1_Young
Ap4e1,2,1,Mesothelial:F1_Young
Apoo,X,1,Cardiomyocyte:F1_Young
Araf,X,1,Cardiomyocyte:F1_Young
Arhgef6,X,1,Cardiomyocyte:F1_Young
Arhgef9,X,1,Cardiomyocyte:F1_Young
Atp6ap2,X,1,Cardiomyocyte:F1_Young
Atp8a1,5,1,Mesothelial:F1_Aged
B830012L14Rik,12,1,Fibroblast:F1_Young
BC065397,X,1,Cardiomyocyte:F1_Young
Bcap31,X,1,Cardiomyocyte:F1_Young
Bclaf3,X,1,Cardiomyocyte:F1_Young
Bcor,X,1,Cardiomyocyte:F1_Young
Bgn,X,1,Fibroblast:F1_Young
Brcc3,X,1,Cardiomyocyte:F1_Young
Brwd3,X,1,Cardiomyocyte:F1_Young
Cadm2,16,1,Mesothelial:F1_Aged
Ccdc134,15,1,Cardiomyocyte:F1_Young
Ccl11,11,1,Fibroblast:F1_Aged
Cd44,2,1,Cardiomyocyte:F1_Young
Cd9,6,1,Lymphatic_EC:F1_Young
Cd99l2,X,1,Cardiomyocyte:F1_Young
Cdh8,8,1,Cardiomyocyte:F1_Aged
Cdk16,X,1,Cardiomyocyte:F1_Young
Cdkl5,X,1,Cardiomyocyte:F1_Young
Cds1,5,1,Cardiomyocyte:F1_Young
Cfap58,19,1,Cardiomyocyte:F1_Aged
Cfap96,Unknown,1,Cardiomyocyte:F1_Aged
Cgnl1,9,1,Pericytes:F1_Aged
Chm,X,1,Cardiomyocyte:F1_Young
Clcn5,X,1,Fibroblast:F1_Young
Clec4n,6,1,Myeloid:F1_Young
Cmc4,X,1,Cardiomyocyte:F1_Young
Cnmd,14,1,Fibroblast:F1_Aged
Cntn5,9,1,Cardiomyocyte:F1_Young
Cox7b,X,1,Cardiomyocyte:F1_Young
Csf3r,4,1,Myeloid:F1_Young
Ctps2,X,1,Cardiomyocyte:F1_Young
Cxcl14,13,1,Fibroblast:F1_Aged
Cyth3,5,1,Lymphatic_EC:F1_Young
Dapk2,9,1,Cardiomyocyte:F1_Aged
Ddc,11,1,Cardiomyocyte:F1_Young
Depp1,6,1,Cardiomyocyte:F1_Young
Dgki,6,1,Myeloid:F1_Aged
Dixdc1,9,1,Cardiomyocyte:F1_Aged
Dlc1,8,1,Pericytes:F1_Aged
Dnase1l1,X,1,Cardiomyocyte:F1_Young
Eda,X,1,Endocardial_EC:F1_Young
Egf,3,1,Cardiomyocyte:F1_Young
Egr1,18,1,Mesothelial:F1_Young
Eif1ax,X,1,Cardiomyocyte:F1_Young
Eif2s3x,X,1,Cardiomyocyte:F1_Young
Elf4,X,1,Fibroblast:F1_Young
Emcn,3,1,Pericytes:F1_Aged
Emd,X,1,Fibroblast:F1_Aged
Enpp2,15,1,Cardiomyocyte:F1_Aged
Epsti1,14,1,Myeloid:F1_Aged
F8,X,1,Cardiomyocyte:F1_Young
Fam120c,X,1,Cardiomyocyte:F1_Young
Fam20a,11,1,Endocardial_EC:F1_Young
Fchsd2,7,1,Lymphatic_EC:F1_Aged
Fgf13,X,1,Cardiomyocyte:F1_Young
Fgf16,X,1,Cardiomyocyte:F1_Young
Fgl2,5,1,Cardiomyocyte:F1_Young
Fhip2a,19,1,Fibroblast:F1_Aged
Firre,X,1,Cardiomyocyte:F1_Young
Flrt2,12,1,Myeloid:F1_Aged
Fmo2,1,1,Mesothelial:F1_Young
Fmr1,X,1,Cardiomyocyte:F1_Young
Fundc1,X,1,Cardiomyocyte:F1_Young
Fyn,10,1,Cardiomyocyte:F1_Young
Gask1b,3,1,Cardiomyocyte:F1_Young
Gdnf,15,1,Cardiomyocyte:F1_Aged
Gk,X,1,Cardiomyocyte:F1_Young
Gm12216,11,1,Cardiomyocyte:F1_Young
Gm13274,4,1,Cardiomyocyte:F1_Aged
Gm13943,2,1,Cardiomyocyte:F1_Young
Gm14221,2,1,Cardiomyocyte:F1_Aged
Gm14634,X,1,Cardiomyocyte:F1_Young
Gm14798,X,1,Cardiomyocyte:F1_Young
Gm15958,18,1,Cardiomyocyte:F1_Young
Gm16332,1,1,Fibroblast:F1_Aged
Gm20618,6,1,Cardiomyocyte:F1_Aged
Gm26779,5,1,Cardiomyocyte:F1_Aged
Gm26782,14,1,Cardiomyocyte:F1_Aged
Gm26881,4,1,Cardiomyocyte:F1_Aged
Gm26901,1,1,Cardiomyocyte:F1_Aged
Gm28403,1,1,Cardiomyocyte:F1_Aged
Gm30735,3,1,Cardiomyocyte:F1_Aged
Gm33424,13,1,Cardiomyocyte:F1_Young
Gm35154,10,1,Myeloid:F1_Aged
Gm35212,5,1,Cardiomyocyte:F1_Aged
Gm35576,17,1,Cardiomyocyte:F1_Young
Gm35992,1,1,Cardiomyocyte:F1_Aged
Gm36569,3,1,Cardiomyocyte:F1_Young
Gm37899,12,1,Fibroblast:F1_Young
Gm40528,9,1,Cardiomyocyte:F1_Aged
Gm43597,5,1,Cardiomyocyte:F1_Aged
Gm48765,13,1,Cardiomyocyte:F1_Young
Gm49959,17,1,Cardiomyocyte:F1_Young
Gm56602,16,1,Cardiomyocyte:F1_Aged
Gm56707,15,1,Cardiomyocyte:F1_Aged
Gm57127,4,1,Cardiomyocyte:F1_Aged
Gm57283,5,1,Cardiomyocyte:F1_Aged
Gm7933,1,1,Cardiomyocyte:F1_Aged
Gpc3,X,1,Mesothelial:F1_Aged
Gpc4,X,1,Cardiomyocyte:F1_Young
Gpkow,X,1,Cardiomyocyte:F1_Young
Gpm6b,X,1,Fibroblast:F1_Young
Gpt2,8,1,Myeloid:F1_Aged
Gramd1b,9,1,Fibroblast:F1_Aged
Gripap1,X,1,Cardiomyocyte:F1_Young
Gsta5,9,1,Cardiomyocyte:F1_Aged
Gucy1a2,9,1,Mesothelial:F1_Young
Hba-a1,11,1,Coronary_EC:F1_Aged
Hccs,X,1,Cardiomyocyte:F1_Young
Hdac8,X,1,Cardiomyocyte:F1_Young
Hdnr,8,1,Cardiomyocyte:F1_Aged
Hopx,5,1,Pericytes:F1_Aged
Hprt,X,1,Cardiomyocyte:F1_Young
Hunk,16,1,Fibroblast:F1_Aged
Idh3g,X,1,Cardiomyocyte:F1_Young
Igfbp6,15,1,Endocardial_EC:F1_Aged
Ikbkg,X,1,Cardiomyocyte:F1_Young
Il1rl1,1,1,Myeloid:F1_Aged
Inhca,9,1,Cardiomyocyte:F1_Aged
Ints6l,X,1,Cardiomyocyte:F1_Young
Iqsec2,X,1,Cardiomyocyte:F1_Young
Irak1,X,1,Cardiomyocyte:F1_Young
Itgb1bp2,X,1,Cardiomyocyte:F1_Young
Jade3,X,1,Cardiomyocyte:F1_Young
Jpx,X,1,Cardiomyocyte:F1_Young
Kantr,X,1,Cardiomyocyte:F1_Young
Kcnab1,3,1,Fibroblast:F1_Young
Kcnd3,3,1,Pericytes:F1_Aged
Kitl,10,1,Cardiomyocyte:F1_Aged
Kiz,2,1,Mesothelial:F1_Aged
Klhl15,X,1,Cardiomyocyte:F1_Young
Klhl3,13,1,Cardiomyocyte:F1_Young
Lancl3,X,1,Cardiomyocyte:F1_Young
Las1l,X,1,Cardiomyocyte:F1_Young
Lin28b,10,1,Cardiomyocyte:F1_Aged
Lrrc69,4,1,Cardiomyocyte:F1_Aged
Lsamp,16,1,Pericytes:F1_Aged
Magt1,X,1,Cardiomyocyte:F1_Young
Maob,X,1,Cardiomyocyte:F1_Young
Mbtps2,X,1,Cardiomyocyte:F1_Young
Meg3,12,1,Fibroblast:F1_Young
Mid1,X,1,Cardiomyocyte:F1_Young
Mid2,X,1,Cardiomyocyte:F1_Young
Mirg,12,1,Fibroblast:F1_Aged
Morf4l2,X,1,Cardiomyocyte:F1_Young
Mospd1,X,1,Cardiomyocyte:F1_Young
Mospd2,X,1,Cardiomyocyte:F1_Young
Mrap2,9,1,Fibroblast:F1_Aged
Ms4a7,19,1,Myeloid:F1_Aged
Msl3,X,1,Cardiomyocyte:F1_Young
Mthfs,9,1,Cardiomyocyte:F1_Young
Mtm1,X,1,Cardiomyocyte:F1_Young
Mtmr1,X,1,Cardiomyocyte:F1_Young
Muc4,16,1,Cardiomyocyte:F1_Aged
Musk,4,1,Fibroblast:F1_Aged
Myo3b,2,1,Cardiomyocyte:F1_Aged
Myrfl,10,1,Cardiomyocyte:F1_Young
Nbdy,X,1,Cardiomyocyte:F1_Young
Nhs,X,1,Fibroblast:F1_Young
Nhsl1,10,1,Myeloid:F1_Young
Nle1,11,1,Cardiomyocyte:F1_Aged
Npy1r,8,1,Fibroblast:F1_Aged
Nsun7,5,1,Fibroblast:F1_Aged
Otud5,X,1,Cardiomyocyte:F1_Young
P2ry14,3,1,Cardiomyocyte:F1_Young
Pbdc1,X,1,Cardiomyocyte:F1_Young
Pcdh7,5,1,Cardiomyocyte:F1_Young
Pcsk6,7,1,Mesothelial:F1_Aged
Pde11a,2,1,Cardiomyocyte:F1_Young
Pdha1,X,1,Cardiomyocyte:F1_Young
Pdzrn4,15,1,Mesothelial:F1_Young
Peg3,7,1,Fibroblast:F1_Aged
Pgk1,X,1,Cardiomyocyte:F1_Young
Phf6,X,1,Cardiomyocyte:F1_Young
Phf8,X,1,Cardiomyocyte:F1_Young
Phka1,X,1,Cardiomyocyte:F1_Young
Piga,X,1,Cardiomyocyte:F1_Young
Pik3cd,4,1,Cardiomyocyte:F1_Aged
Pir,X,1,Cardiomyocyte:F1_Young
Piwil2,14,1,Cardiomyocyte:F1_Young
Pla2r1,2,1,Pericytes:F1_Aged
Plagl1,10,1,Endocardial_EC:F1_Young
Postn,3,1,Pericytes:F1_Aged
Ppic,18,1,Fibroblast:F1_Aged
Prickle3,X,1,Cardiomyocyte:F1_Young
Proser2,2,1,Cardiomyocyte:F1_Aged
Prrg1,X,1,Cardiomyocyte:F1_Young
Pttg1,11,1,Cardiomyocyte:F1_Young
Ptx4,17,1,Cardiomyocyte:F1_Aged
Rai2,X,1,Cardiomyocyte:F1_Young
Rasgrf1,9,1,Fibroblast:F1_Aged
Rbbp7,X,1,Cardiomyocyte:F1_Young
Rbbp8,18,1,Mesothelial:F1_Young
Rbm10,X,1,Cardiomyocyte:F1_Young
Rbmx,X,1,Cardiomyocyte:F1_Young
Rec114,9,1,Cardiomyocyte:F1_Aged
Redic1,Unknown,1,Cardiomyocyte:F1_Aged
Rhbdl3,11,1,Cardiomyocyte:F1_Young
Rian,12,1,Fibroblast:F1_Young
Ripor2,13,1,Pericytes:F1_Aged
Rlim,X,1,Cardiomyocyte:F1_Young
Rmdn2,17,1,Cardiomyocyte:F1_Aged
Rnf128,X,1,Cardiomyocyte:F1_Young
Rnf17,14,1,Cardiomyocyte:F1_Aged
Rnf217,10,1,Myeloid:F1_Aged
Rngtt,4,1,Lymphatic_EC:F1_Aged
Rorb,19,1,Cardiomyocyte:F1_Young
Rpgr,X,1,Cardiomyocyte:F1_Young
Rps2,17,1,Coronary_EC:F1_Aged
Ryr2,13,1,Cardiomyocyte:F1_Young
Sat1,X,1,Fibroblast:F1_Aged
Sh3bgrl,X,1,Endocardial_EC:F1_Young
Sh3d19,3,1,Cardiomyocyte:F1_Aged
Sh3gl2,4,1,Fibroblast:F1_Aged
Sidt1,16,1,Mesothelial:F1_Aged
Sirt5,13,1,Cardiomyocyte:F1_Young
Slc10a6,5,1,Cardiomyocyte:F1_Aged
Slc25a53,X,1,Cardiomyocyte:F1_Young
Slc35f1,10,1,Cardiomyocyte:F1_Young
Slc38a4,15,1,Cardiomyocyte:F1_Young
Slc9a7,X,1,Cardiomyocyte:F1_Young
Slit2,5,1,Pericytes:F1_Aged
Smc1a,X,1,Cardiomyocyte:F1_Young
Smpx,X,1,Cardiomyocyte:F1_Young
Sms,X,1,Cardiomyocyte:F1_Young
St8sia6,2,1,Coronary_EC:F1_Aged
Stag2,X,1,Cardiomyocyte:F1_Young
Stard8,X,1,Cardiomyocyte:F1_Young
Stpg1,4,1,Cardiomyocyte:F1_Young
Sult5a1,8,1,Fibroblast:F1_Aged
Sun3,11,1,Cardiomyocyte:F1_Young
Syap1,X,1,Cardiomyocyte:F1_Young
Sync,4,1,Cardiomyocyte:F1_Young
Syndig1,2,1,Cardiomyocyte:F1_Aged
Syt1,10,1,Fibroblast:F1_Aged
Tab3,X,1,Cardiomyocyte:F1_Young
Tbc1d25,X,1,Cardiomyocyte:F1_Young
Tbc1d8b,X,1,Cardiomyocyte:F1_Young
Tfe3,X,1,Fibroblast:F1_Aged
Them7,2,1,Cardiomyocyte:F1_Aged
Thsd4,9,1,Cardiomyocyte:F1_Aged
Thsd7a,6,1,Cardiomyocyte:F1_Young
Tiam1,16,1,Myeloid:F1_Young
Timp3,10,1,Cardiomyocyte:F1_Aged
Tmem29,X,1,Cardiomyocyte:F1_Young
Tmem47,X,1,Cardiomyocyte:F1_Young
Tmprss13,9,1,Cardiomyocyte:F1_Aged
Tmtc1,6,1,Mesothelial:F1_Young
Trim12c,7,1,Fibroblast:F1_Aged
Trim7,11,1,Cardiomyocyte:F1_Aged
Tsc22d3,X,1,Cardiomyocyte:F1_Young
Tsnax,8,1,Cardiomyocyte:F1_Aged
Tspan7,X,1,Cardiomyocyte:F1_Young
Ttn,2,1,Cardiomyocyte:F1_Young
Uba1,X,1,Cardiomyocyte:F1_Young
Utp14a,X,1,Cardiomyocyte:F1_Young
Wdr13,X,1,Cardiomyocyte:F1_Young
Xkr4,1,1,Coronary_EC:F1_Aged
Zc3h12b,X,1,Fibroblast:F1_Young
Zdhhc9,X,1,Cardiomyocyte:F1_Young
Zfp141,7,1,Cardiomyocyte:F1_Aged
Zfp182,X,1,Cardiomyocyte:F1_Young
Zfp207,11,1,Fibroblast:F1_Aged
Zfp280c,X,1,Cardiomyocyte:F1_Young
Zfp867,11,1,Cardiomyocyte:F1_Young
Zmat1,X,1,Cardiomyocyte:F1_Young
Zrsr2,X,1,Cardiomyocyte:F1_Young
